name,nameid
Jagielka,44000
Huddlestone,44001
İbrahim Öztürk,44002
Vágner,44003
Silva de Souza,44004
Vágner Love,44005
Vagner Love,44006
Mirante,44007
Georgiou,44008
Papu Gómez,44009
M.Demir,44010
Mikel Alvaro,44011
Dani Alves,44012
Cuéllar Sacristán,44013
Iván Cuéllar,44014
L. Clarke,44015
Ribéry,44016
Dann,44017
Farfán,44018
Debuchy,44019
Julio Alberto,44020
Barroso,44021
Acerval,44022
Epazo,44023
Hatem,44024
Ben Arfa,44025
Larangeira,44026
F.Öztürk,44027
Fielding,44028
J.Garner,44029
Sturridge,44030
Mirallas,44031
Hetemaj,44032
Mariappa,44033
Óscar Trejo,44034
Viola,44035
Adrián López,44036
Chory,44037
Ujkani,44038
Keunho,44039
L. Alvarez,44040
JC Babin,44041
M. Torren,44042
K. Casilla,44043
S. Grippo,44044
Papiss Demba,44045
Gönen,44046
Papakouli,44047
P. Diop,44048
Donk,44049
R. Donk,44050
Mosquera Parada,44051
P. Mosquera,44052
Alex Remy,44053
D.Cabrera,44054
Luiz Adriano,44055
L. Adriano,44056
Moreno Martins,44057
Ja Cheol,44058
Koo Ja Cheol,44059
Jacheol,44060
Shanping,44061
Yang Shanping,44062
Yang SH.P.,44063
M. Pereira,44064
Agard,44065
M.Gradel,44066
Sio,44067
Rodwell,44068
Dossevi,44069
Sukuta-Pasu,44070
Pereira Carneiro,44071
Licá,44072
Koolwijk,44073
Reges Mouta,44074
M. Soares,44075
Gaitán,44076
Nico Gaitán,44077
Pratto,44078
Pinedo,44079
Vidangossy,44080
San José,44081
Koman,44082
Ørjan,44083
Nyland,44084
Rausch,44085
Patrullero,44086
M. Fabián,44087
M.Galvan,44088
Butterfield,44089
Marcos P.,44090
John-Joe,44091
D. Cervantes,44092
M. Ponce,44093
M. Jiménez,44094
L. Ovalle,44095
H. Rodríguez,44096
E.Doyle,44097
Isla,44098
A L.,44099
A.Teixeira,44100
Rochina Naixes,44101
Rochina,44102
Holtby,44103
Viatri,44104
L. Viatri,44105
M.Yatabare,44106
Polenta,44107
D. Polenta,44108
Pacheco Lobato,44109
Dani Pacheco,44110
Diamé,44111
Diame,44112
Meijers,44113
Nkoulou,44114
Noring,44115
Mb,44116
Carriço,44117
Bolasie,44118
Caire,44119
Hateley,44120
Bastian,44121
Oczipka,44122
Wilshere,44123
Farias da Silva,44124
Diego Farias,44125
Victor S.,44126
Ondrášek,44127
Armenteros,44128
Tope,44129
Obadeyi,44130
Macedo Lopes,44131
L. de Jong,44132
Bony,44133
Opare,44134
Eliaquim,44135
Sauro,44136
Burić,44137
Bradden,44138
Inman,44139
Wickham,44140
Salman F.,44141
NSakala,44142
Barcos,44143
C. Guzmán,44144
Orrantia,44145
C. Fierro,44146
Miiko,44147
Krhin,44148
Lasne,44149
Narsingh,44150
Stiepermann,44151
Guerra Cunha,44152
Subašić,44153
Subasic,44154
D. Simão,44155
Escudero Palomo,44156
Escudero,44157
de Oliveira Alves,44158
Othoniel,44159
Charlison,44160
Benschop,44161
Roderick J.,44162
Gonçalves Miranda,44163
Roderick Miranda,44164
Herrerín Buisán,44165
Herrerín,44166
Iago Herrerin,44167
J. Costa,44168
Ben Khalifa,44169
Kröpfl,44170
Kröpfl M.,44171
Kurto,44172
Başdaş,44173
Souare,44174
Cabella,44175
Dumic,44176
Jablonský,44177
Jablonsky,44178
Tuncará Gomes,44179
Flávio Emmanuel,44180
Flávio Paixão,44181
A.Uludağ,44182
Nagatomo,44183
M. Paniagua,44184
Enrich Ametller,44185
Sergi Enrich,44186
Mendez-Laing,44187
Minzún,44188
Sardinero Corpa,44189
Adrián Sardinero,44190
Yong Jae,44191
Lee Yong Jae,44192
YongJae,44193
Teófilo,44194
Teo,44195
S. Motta,44196
S.Gürler,44197
Josepmir,44198
Ballón,44199
Sema V.,44200
J. Granados,44201
E. Rodriguez,44202
G. Alvarez,44203
Jhasmani,44204
J. Campos,44205
O.Özyakup,44206
Toto,44207
Ifa,44208
de Moraes,44209
Wiedwald,44210
Palau,44211
Serge Aurier,44212
Kwesi,44213
Lacerda,44214
J. Lacerda,44215
Caio Canedo,44216
Oberhauser,44217
Jhonathan,44218
Ramis,44219
J. Ramis,44220
S. McEleney,44221
M. Murillo,44222
Đurđić,44223
Djurdjic,44224
Enano,44225
Amini,44226
Yohan Tavares,44227
A. Dominguez,44228
Geovanny,44229
G. Nazareno,44230
B.Dabo,44231
Babalj,44232
Rzatkowski,44233
M. Aguirregaray,44234
J. Aguilar,44235
A. Sepúlveda,44236
Aridai,44237
Cabrera Suárez,44238
Wilson Bruno,44239
Wilson Eduardo,44240
Timor SVA,44241
Lukasz,44242
F. Forbes,44243
Juan Ezequiel,44244
Zakaria. D,44245
van Rhijn,44246
Jozefzoon,44247
Martínez Borja,44248
M. Borja,44249
Hengelman,44250
Chima Chukwu,44251
Ivanovski,44252
Mejías Osorio,44253
Juan Guilherme,44254
Nunes Jesus,44255
Juan Jesus,44256
Bešić,44257
Abdenasser,44258
El Khayati,44259
E. Gigliotti,44260
D.Cardoso,44261
De Préville,44262
Zacharie,44263
Pérez Navarro,44264
Alex Pérez,44265
A. Vázquez,44266
Paul-Georges,44267
Ntep,44268
Yacouba,44269
J. Ayovi,44270
Wálter,44271
W. Chalá,44272
J. Plata,44273
D.Petratos,44274
Santana Trujillo,44275
Hernan,44276
Rodrigo Ely,44277
R. Ely,44278
Bingham,44279
Vidal Parreu,44280
Aleix Vidal,44281
Aleix V.C,44282
Potočný,44283
P. Ceppelini,44284
Y. Orozco,44285
Fernando Lucas,44286
Guimarães Ferreira,44287
Seung Yong,44288
Jung Seung Yong,44289
SeungYong,44290
Cho Ji Hun,44291
JiHun,44292
Jong Ho,44293
Lee Jong Ho,44294
JongHo,44295
Hyuk Jin,44296
Jang Hyuk Jin,44297
Hyukjin,44298
Sánchez Cortes,44299
Jeggo,44300
S. Sánchez Aguiar,44301
Wellington Nem,44302
W. Nem,44303
Valère,44304
Tonny,44305
Vilhena,44306
Jurado de la Torre,44307
Bellerín,44308
Chaker,44309
Alhadhur,44310
Trebel,44311
A.Luna,44312
Sahanek,44313
Vico Villegas,44314
Fede Vico,44315
F. Vico,44316
Real Ruiz,44317
J.C. Real,44318
Čmovš,44319
Cuco,44320
Hervías Ruiz,44321
Revoredo,44322
Melgarejo,44323
R. Ibarra,44324
Blackman,44325
I. Sánchez,44326
Khassa,44327
K.Camara,44328
F. Thauvin,44329
Thoelke,44330
Huws,44331
Twardzik,44332
Jésus,44333
Espinoza T,44334
Luís,44335
Leal dos Anjos,44336
Luís Leal,44337
Lemos S,44338
Hernández Rodríguez,44339
Luís Hernández,44340
Luis Hernández,44341
Carvalho Andrade,44342
Bruno Andrade,44343
Pucciarelli,44344
Onur Bulut,44345
Joao Paulo,44346
R. Bentancourt,44347
Djoković,44348
Jetro,44349
S. Dursun,44350
Lazaar,44351
R. P. Bigas,44352
P.Iñiguez,44353
Carver,44354
D. Samuel,44355
L.Paredes,44356
Candido,44357
Dong Woon,44358
Shim,44359
Shim Dong Woon,44360
DongWoon,44361
Malkolm Nilsson,44362
Säfqvist,44363
Al Hafith,44364
Zeffane,44365
Álex Serrano,44366
Raymon,44367
Gaddis,44368
Banana,44369
Botaka,44370
Kajević,44371
Albentosa,44372
Raúl Albentosa,44373
Issa Camará,44374
Abel Camará,44375
Orfano,44376
Sang Yun,44377
Moon Sang Yun,44378
SangYun,44379
Joeri,44380
de Kamps,44381
Jevtić,44382
Calapai,44383
Leite Pereira,44384
Marcelinho,44385
Boumal,44386
Gaikwad,44387
Raju G.,44388
Cazares,44389
Tornaghi,44390
Ngando,44391
Myung Joo,44392
Lee Myung Joo,44393
MyungJoo,44394
D. Grigore,44395
C.Matei,44396
Buleică,44397
Jose Antonio,44398
Delgado Villar,44399
Łukasik,44400
Al Sahlawi,44401
M.Sahlawi,44402
Shean,44403
D. Moberg,44404
Rubert,44405
Quijada,44406
Jean Mota,44407
Oliveira de Sousa,44408
Poundjé,44409
Thom,44410
Haye,44411
Marras,44412
Simani,44413
Hadi,44414
H.Sacko,44415
Lopes Ferreira,44416
S.Mitrović,44417
Al Owayshir,44418
dos S. Nenatarviciu,44419
Magnasco,44420
Barrie,44421
Cadavid,44422
V. Alvarado,44423
D. Vaca,44424
Rabello,44425
De Lima,44426
Cimo,44427
Röcker,44428
Benavente,44429
Alfatil,44430
Oxborrow,44431
Riolfo,44432
D. Riolfo,44433
Chafik,44434
Cikalleshi,44435
Djordjeviс,44436
Bismark,44437
Adjei-Boateng,44438
Paulo Sérgio,44439
Lucas Hägg,44440
Luis Valcarce,44441
L. Valcarce,44442
E. Garcia,44443
A. Ortiz,44444
Servio,44445
Pérez Guedes,44446
Perez Guedes,44447
Chumacero,44448
J. gomez,44449
Hendrie,44450
Higinio,44451
Marín Escavy,44452
Weil,44453
Berzel,44454
Al Jadaani,44455
J. Gomez,44456
L. Galeano,44457
Rosicley,44458
R. Ramirez,44459
E.Ba,44460
Syhre,44461
Talisca,44462
JooWon,44463
Deshorn,44464
N. Costa Eduardo,44465
Fernández Teijeiro,44466
Luis Fernández,44467
L. Fernández,44468
Bödvarsson,44469
Rolán,44470
D. Rolan,44471
L. Ojeda,44472
Bentaleb,44473
Adolphe,44474
Teikeu,44475
Emilijus,44476
Zubas,44477
Fatai,44478
K. Fatai,44479
R. González,44480
Serge-Junior,44481
Martinsson Ngouali,44482
M. Nervo,44483
A. Ruiz,44484
D. Valdés,44485
Goss,44486
Wrzesiński,44487
Azmoun,44488
D. Rodriguez,44489
G. Cuellar,44490
S. Mosquera,44491
F. Fabra,44492
Renteria,44493
J. Mahecha,44494
A. Correa,44495
P. Parra,44496
A. Lima,44497
Pavez M,44498
Sanhueza,44499
Caroca,44500
M. Rangel,44501
Arboleda,44502
V. Huerta,44503
Iván Mauricio,44504
C. Arboleda,44505
N. Palacios,44506
C. Angulo,44507
Viljar Helland,44508
Larenas,44509
Orellana M.,44510
Valdez Chamorro,44511
Valdez Ch.,44512
Vides,44513
L.Sagal,44514
Opazo,44515
Benegas,44516
Bolados,44517
M.Qasem,44518
Osorio B.,44519
F.Mancuello,44520
M. Ibañez,44521
Buter,44522
Míguez,44523
L. Kruspzky,44524
Zaldivia,44525
Perez P,44526
Isnaldo,44527
Melano,44528
Zelarayan,44529
J.Correa,44530
Auzqui C,44531
Kort,44532
Wily,44533
R. Castro,44534
Dodoo,44535
Spajić,44536
D. Musto,44537
L. Gil,44538
Manni,44539
Martins Podstawski,44540
Tomás Podstawski,44541
Podstawski,44542
A. Plata,44543
Henty,44544
H. Menosse,44545
Carlos Manuel,44546
Cardoso Mané,44547
Carlos Mané,44548
C. Mané,44549
Rufat,44550
Sandro César,44551
Cordovil de Lima,44552
Sandro Lima,44553
Wilker,44554
Baroja,44555
Romulo,44556
Abdelilah,44557
Hafidi,44558
Chicho,44559
Moutari,44560
Mencia,44561
G. Mencia,44562
I. Benegas,44563
Seàn,44564
Sims,44565
Yoiver,44566
Y. Gonzalez,44567
Ntcham,44568
D. Cuero,44569
C. Bravo,44570
Galdames,44571
Élder,44572
Santana Conceição,44573
Élder Santana,44574
Pavez Contreras,44575
Pavez C,44576
Mirnes,44577
Pepić,44578
S. Nwankwo,44579
Déinner,44580
D.Quiñones,44581
Garate,44582
Oyarzún,44583
R. Cabezas,44584
Cristóforo,44585
Yony,44586
Yony G.,44587
Abdelhamid Soliman,44588
Kahraba,44589
Vojtuš,44590
Sebas M.,44591
Chema,44592
R. Martínez,44593
Flórez,44594
Florez,44595
Pisano,44596
Saîf-Eddine,44597
Khaoui,44598
S.Dursun,44599
Baraye,44600
Barbosa Intima,44601
L. Gonzalez,44602
Bubacarr,44603
Sanneh,44604
Campi,44605
Liivak,44606
M. Rios,44607
Babayan,44608
Rafael Rogério,44609
Rafael Ratão,44610
Doménech Sánchez,44611
G. Silva,44612
Eze Ponce,44613
A. Castro,44614
C. Rivas,44615
Pérez Acuña,44616
G. Hauche,44617
Konovalov,44618
Carlos Fdez.,44619
Marmolejo,44620
Lyes,44621
Houri,44622
Villalpando,44623
Yesus,44624
Konstandopoulos,44625
Mammana,44626
Heltne Nilsen,44627
Sim Sang Min,44628
Mukiibi,44629
Damion,44630
L.D. Kappel,44631
Yong Hwan,44632
Kim Yong Hwan,44633
YongHwan,44634
Yongwoo,44635
Skrabb,44636
S. Roman,44637
Gyeong Min,44638
Kim Gyeong Min,44639
GyeongMin,44640
Avdijaj,44641
A. Torralvo,44642
Nurio F.,44643
Kasperkiewicz,44644
St.Filip,44645
Paul Anton,44646
Esparza,44647
Poynton,44648
J.Meza,44649
Risso,44650
M. Risso,44651
Haiqing,44652
Cao Haiqing,44653
Cao H.Q.,44654
Otis,44655
Mesenhöler,44656
Isted,44657
Efthymios,44658
Koulouris,44659
Macedo Monte,44660
Nélson Monte,44661
N. Monte,44662
Kyei G,44663
Pil Soo,44664
Choe,44665
Choe Pil Soo,44666
Pilsoo,44667
A. Samuel,44668
Öztümer,44669
Cracco Neto,44670
Á. Mena,44671
Penilla,44672
C. Penilla,44673
Gladon,44674
Güral,44675
Emre Güral,44676
Okan Kocuk,44677
Ali Adnan,44678
Jakoliš,44679
Wei Sh.H.,44680
Pešić,44681
Danilo Barbosa,44682
D.Barbosa,44683
Chimino,44684
San Emeterio,44685
F. San Emeterio,44686
S. Rochet,44687
Mehmet Feyzi,44688
L. Ramos,44689
MJ,44690
H. Reina,44691
M. Lopez,44692
D. Blanco,44693
Dyego Wilverson,44694
Ferreira Sousa,44695
Dyego Sousa,44696
D. Gomez,44697
Iglesias Quintás,44698
Aguirre Soto,44699
Giordana,44700
G. Giordana,44701
Fridjonsson,44702
Tellechea,44703
E. Tellechea,44704
S. Martinez,44705
Olascuaga,44706
Dong Ch.Y.,44707
Junlin,44708
Chen Junlin,44709
Chen J.L.,44710
Benet,44711
Xu Dong,44712
Xu D.,44713
R. Mendes,44714
Amahl,44715
B.Innocent,44716
Gargiulo,44717
Royón,44718
Crowley,44719
J. Alvez,44720
A. Ibargüen,44721
Jokin Ezkieta,44722
B. Gaspar,44723
K. Balanta,44724
Kianz,44725
Froese,44726
Boeder,44727
Corie,44728
Uchuari,44729
J. Uchuari,44730
Islas,44731
O. Islas,44732
M.Escobar,44733
da Graca,44734
Edisson,44735
Restrepo,44736
E. Restrepo,44737
B. Rovira,44738
D. Mendoza,44739
Nybo,44740
Roguljić,44741
Cuba,44742
R. Vargas,44743
Kom,44744
Bruno Edgar,44745
Silva Almeida,44746
Bruno Ramires,44747
G. Avalos,44748
S. Mewis,44749
Wang Sh,44750
L. Sosa,44751
Arregui,44752
McMann,44753
J. Ramos,44754
Mets,44755
Figueredo,44756
H. Figueredo,44757
Arley,44758
H. Preciado,44759
Amoroso,44760
Fattori,44761
Lanzi,44762
Mauro Lainez,44763
Zhang R,44764
Li Y,44765
Wang Sh Sh,44766
Wu H Y,44767
Li J Y,44768
Lou Jiahui,44769
Lou J H,44770
Zhang X,44771
Ma J,44772
Devers,44773
Diego Glez.,44774
Britos,44775
Ada,44776
Hegerberg,44777
J. Fleming,44778
Eduar,44779
E. Caicedo,44780
Sura,44781
Yekka,44782
Gallego,44783
F.Gallego,44784
Tadhg,44785
R. Arias,44786
Dugandžić,44787
Jin Gyu,44788
Kim Jin Gyu,44789
JinGyu,44790
Ichazo,44791
S. Ichazo,44792
Árni,44793
Vilhjálmsson,44794
D. Arboleda,44795
Olsen Solberg,44796
C. Guanca,44797
E. Martinez,44798
C.Rosel,44799
Ch.Dieng,44800
Kris,44801
Twardek,44802
Yun Ho,44803
Jang Yun Ho,44804
YunHo,44805
S.Deli,44806
Loosli,44807
A.Pedraza,44808
Nicoletti,44809
Tahvon,44810
Techera,44811
Egbo,44812
Kaja,44813
Javi Jimenez,44814
Arqués Blasco,44815
Mario Arqués,44816
Arques,44817
D. Alende,44818
Edder,44819
R. Ballivian,44820
Monito V.,44821
Mrčela,44822
Mrcela,44823
Guanini,44824
Sehnaj,44825
G. Baez,44826
Ahmet Engin,44827
Valle Balonga,44828
Borja Valle,44829
Borja Valle. A,44830
Özenç,44831
Ozan Özenç,44832
Rehnen,44833
R. Herrera,44834
Campos L.,44835
Kleppa,44836
Wanderson,44837
Käit,44838
Lukian,44839
Araújo Almeida,44840
Mike-Steven,44841
Bähre,44842
F. Madrigal,44843
Ertlthaler,44844
Coric,44845
Yohou,44846
S.Yohou,44847
Suazo,44848
Mikanović,44849
M. Hermoso,44850
Bambock,44851
Snorre Strand,44852
Strand Nilsen,44853
Góralski,44854
Ozuna,44855
E. Ozuna,44856
Verstappen,44857
M. Affonso,44858
F. Villalba,44859
Demeaco,44860
Duhaney,44861
Peter Nivaldo,44862
Abradanel Espín,44863
Peter Abradanel,44864
Corteijo Salazar,44865
Lúcio Corteijo,44866
Eder Adolfo,44867
Pinhanços Dias,44868
Eder Pinhanços,44869
Carvalho Porfírio,44870
Jorge Carvallinho,44871
Welson Emílio,44872
Leima Garcia,44873
Welson Leima,44874
Selva Esser,44875
Rômulão Selva,44876
Emanuel Breno,44877
Teixeira Rocha,44878
Emu Teixeira,44879
Eminho Moringa,44880
Selneira Moura,44881
Edu Selneira,44882
Pavel de Jesus,44883
Serra Fonseca,44884
Pavelinho Serra,44885
Vasquez Sobrinho,44886
Vasquão Junior,44887
Murilo Kaíque,44888
Sanches Cardoso,44889
Murilo Sancha,44890
Josimar Milton,44891
Moura Chissano,44892
Josi Mouraldo,44893
Jairzinho Aníbal,44894
Ailton Sérgio,44895
Guevara Muscato,44896
Ailton Guevara,44897
Renaldo Lorenzo,44898
Justinho Neves,44899
Renaldo Justinho,44900
Medeirão Hoffman,44901
Lucas Medeirão,44902
Negrão Bastos,44903
Adrián Burnabão,44904
Flávio Leôncio,44905
Trigo Sacramento,44906
Flávio Triginho,44907
Araos,44908
Á. Araos,44909
Vajebah,44910
Sakor,44911
Chrzanowski,44912
Almalki,44913
C. Johnson,44914
Blackett-Taylor,44915
Galvão,44916
Lucas Galvão,44917
Clayson H.,44918
da Silva Vieira,44919
Clayson,44920
Nirennold,44921
B.Konate,44922
B. Rivero,44923
Gelin,44924
Lokilo,44925
Mosevich,44926
Hopcutt,44927
Tin Angulo,44928
J. Lucumi,44929
J. Ontiveros,44930
K. Salazar,44931
G. Ramirez,44932
A. Tejero,44933
Ismael Diaz,44934
Prce,44935
Szymonowicz,44936
Patrik Karlsson,44937
Lagemyr,44938
Dong Joon,44939
Kim Dong Joon,44940
DongJoon,44941
Salles Lamonge,44942
Jingbin,44943
Wang Jingbin,44944
Wang J.B.,44945
Youssoufou,44946
Y.Niakate,44947
Yong Joon,44948
Heo Yong Joon,44949
YongJoon,44950
G. Aguirre,44951
H. Trevisan,44952
Sanoh,44953
Min-Tae,44954
Shiotani,44955
F. Cobos,44956
Trawally,44957
D. Zabala,44958
Peano,44959
Gakuto,44960
Notsuda,44961
Toyosi,44962
Guevgeozian,44963
Abdulkarim,44964
A.AlQahtani,44965
L. Geminiani,44966
L. Comas,44967
Ayumi,44968
Niekawa,44969
Fukuta,44970
M.Castro,44971
J.Ibáñez,44972
A. Rivero,44973
Tae Hyun,44974
Ahn Tae Hyun,44975
TaeHyun,44976
Hyun Hun,44977
Kim Hyun Hun,44978
HyunHun,44979
F. Gil,44980
J. Pereyra,44981
S.Floranus,44982
Kentaro,44983
Moriya,44984
Mitsuki,44985
In Pyo,44986
Oh In Pyo,44987
Inpyo,44988
Gui Hong,44989
Gui H.,44990
Dong Jin,44991
Park Dong Jin,44992
DongJin,44993
S. Ramírez,44994
Bauti,44995
Yrizar,44996
P. Yrizar,44997
Carrillo Mancilla,44998
José Carrillo,44999
Deyver,45000
Min Hyuk,45001
Lim Min Hyuk,45002
MinHyuk,45003
Nkololo,45004
Byong Jun,45005
An Byong Jun,45006
ByongJun,45007
Jin Bo,45008
Jin B.,45009
Daniëlle,45010
Eboue Kouassi,45011
Chicote,45012
Sander Luan,45013
Asevedo Cirino,45014
Sander Asevedo,45015
Piris Da Motta,45016
Edmonds Green,45017
Chancellor,45018
Hinde,45019
V.D.Heyden,45020
Jahmal,45021
Hector-Ingram,45022
L. Maciel,45023
Bruno Viana,45024
Willemen Da Silva,45025
Jae Hee,45026
Jeong Jae Hee,45027
JaeHee,45028
N. Barona,45029
López Saratxo,45030
Andoni López,45031
A. Lopez,45032
João Vitor,45033
Brandão Figueiredo,45034
João Figueiredo,45035
J.Figueiredo,45036
C. Quintana,45037
Rygaard,45038
Sánchez T.,45039
J. Ikone,45040
Martic,45041
J.A. Caro,45042
Oméonga,45043
Šćekić,45044
E.Karaca,45045
Margiotta,45046
Salaberry,45047
H. Salaberry,45048
B. Riascos,45049
Maná,45050
F. Kadıoğlu,45051
Yeerzati,45052
Yeerjieti,45053
Yeerjieti Yeerzati,45054
Yerjet,45055
Bonifazi,45056
V.Gheorghe,45057
Butean,45058
Golemić,45059
C. Karayel,45060
Benito J.,45061
E. Sánchez,45062
Gao Chen,45063
Gao C,45064
Fané,45065
Marešić,45066
Y. Rak,45067
H. Paton,45068
Kimarni,45069
André António,45070
Rosário Teles,45071
André Teles,45072
Carando,45073
D. Godoy,45074
Ataberk,45075
Dadakdeniz,45076
Gabriel Tadeu,45077
Strefezza Rebelato,45078
Gabriel Strefezza,45079
Strefezza,45080
Larrea Gambara,45081
Pablo Larrea,45082
P. Larrea,45083
Álex Pozo,45084
Nan Song,45085
Borkovic,45086
Esequiel,45087
González Tassano,45088
Bardinho Barros,45089
João Bardinho,45090
Trieiro Lobato,45091
Vinicius Trieiro,45092
Armeira Bahia,45093
Douglas Armeira,45094
Ever Jorge,45095
Rodeiro Selva,45096
Ever Rodeiro,45097
Denver,45098
El Dari Jr,45099
Dani Lasure,45100
Ève,45101
Périsset,45102
German.K,45103
Hadžikadunić,45104
Pablo V.,45105
Raynov,45106
M. Raynov,45107
Yaren,45108
Sozer,45109
Almqvist,45110
Spenkelink,45111
Gomes Lourenço,45112
Arthur Gomes,45113
F. Mosquera,45114
Provoste,45115
Tomczyk,45116
Hernández Suárez,45117
Cucho Hernández,45118
Cucho,45119
Jihoon,45120
Azmahar,45121
Ariano,45122
S.Longstaff,45123
Oliveira Ribeiro,45124
Yuri Ribeiro,45125
Rozas,45126
Ketterer,45127
Sarfo,45128
Carp,45129
Yulián,45130
D. Barbosa,45131
Sabiri,45132
J. Leguizamón,45133
Jefre,45134
Delli Carri,45135
Nozomi,45136
Kakeru,45137
Funaki,45138
Keena,45139
Horigome,45140
Cotter,45141
J. Diaz,45142
Brujo,45143
N. Bazzana,45144
D. Camacho,45145
Theoharous,45146
Edathodika,45147
Al Khulaif,45148
Alkhulaif,45149
Koszta,45150
Dong Min,45151
Kim Dong Min,45152
DongMin,45153
Michael Richard,45154
Delgado de Oliveira,45155
Park Min Gyu,45156
Feigenspan,45157
Aramide,45158
Oteh,45159
Savarino,45160
Lee Sang Min,45161
Kang Ji Hoon,45162
Seung Un,45163
Ha Seung Un,45164
Seungun,45165
Malia,45166
Steinmetz,45167
Qahtani,45168
R. Perez,45169
Piszczek,45170
Busquets Mas,45171
Oriol Busquets,45172
O. Busquets,45173
Berke Özer,45174
Hervé.Koffi,45175
Sidoel,45176
Fracchia,45177
M. Fracchia,45178
T. Galdames,45179
Eisele,45180
J. Godinez,45181
Biamou,45182
A. Cervantes,45183
B. Rubio,45184
Loader,45185
Namaso,45186
M.Fathi,45187
R. Fernandes,45188
Ambrosiewicz,45189
Frida,45190
Yunoh,45191
B. Soumare,45192
E.Tercero,45193
Rodrigues Lima,45194
Léo Jabá,45195
Leo Jaba,45196
Raul Josè,45197
Asencio Moraes,45198
Raul Asencio,45199
Asencio,45200
Leite da Silva,45201
Zamora,45202
C. Zamora,45203
Haile-Selassie,45204
Ladan,45205
M. Perg,45206
Weidinger,45207
Magomed-Shapi,45208
Shapi,45209
Duljević,45210
Yubiao,45211
Deng Yubiao,45212
Deng Y.B.,45213
Quanjiang,45214
Chen Quanjiang,45215
Chen Q.J.,45216
Aléxandros,45217
Katránis,45218
Burke-Gilroy,45219
Gaizka Campos,45220
G. Campos,45221
L. Sequeira,45222
Y.Atal,45223
T.Smith,45224
Youssoufa,45225
Moukoko,45226
Bayazit,45227
Genaro,45228
Rodríguez Serrano,45229
Kapı,45230
Messias Jr,45231
Zazpe,45232
L. Zaspe,45233
Berríos,45234
F. Carballo,45235
Ruiz Díaz,45236
R. Amaral,45237
Dani M.,45238
Trujic,45239
Belaïli,45240
Y.Belaïli,45241
Gallegos,45242
C. Rivero,45243
S. Vera,45244
A.Al Amri,45245
Akinari,45246
Kawazura,45247
Risso Patron,45248
Waldock,45249
Qiao,45250
Wang Qiao,45251
Wang Q.,45252
M. Ortiz,45253
Intriago,45254
J. Intriago,45255
Emil Tot,45256
Mbunga Kimpioka,45257
Charman,45258
Sánchez Sánchez,45259
Raúl Sánchez,45260
Mario H.,45261
Rytting Kaneryd,45262
Kaneryd,45263
Gyu Hyeong,45264
Kim Gyu Hyeong,45265
GyuHyeong,45266
R.Brugué,45267
Idem,45268
Lešković,45269
Tayeb,45270
Meziani,45271
Y. Meriah,45272
Nagguez,45273
J.El Yamiq,45274
Jizz,45275
Hornkamp,45276
Gagliano,45277
Sunbul,45278
Olowu,45279
Jeon Jin Woo,45280
Jinwoo,45281
J. Sierra,45282
Gun,45283
Park Gun,45284
Carlos Coronel,45285
J. Marulanda,45286
Schuck Friedrich,45287
Ricardo Friedrich,45288
Hyun Woo,45289
Kim Hyun Woo,45290
HyunWoo,45291
C. Almeida,45292
A. Hamddan,45293
Pacifique,45294
Niyongabire,45295
O.Rey,45296
Mo Dauda,45297
C. Núñez,45298
C. Candido,45299
Aliou.T,45300
Memet Ali,45301
Reymão,45302
Hirakawa,45303
Juan Felipe,45304
F. Aguirre,45305
Carapeto dos Reis,45306
Bruno Reis,45307
Leat,45308
Björnström,45309
Gvilia,45310
Grinwis,45311
Hideki,45312
Ishige,45313
Polvara,45314
Imrân,45315
Yajun,45316
Chen Yajun,45317
Chen Y.J.,45318
Liu Yue,45319
Jae Hyeon,45320
Ko Jae Hyeon,45321
JaeHyeon,45322
Hyeong Jin,45323
Park Hyeong Jin,45324
Hyeong Hin,45325
Nikko,45326
Kirwan,45327
Ibacache,45328
K.Atakan,45329
Luis Romo,45330
Viviani,45331
C. Isaac,45332
Gadegaard,45333
Mulattieri,45334
Høgh,45335
Ji Min,45336
Park Ji Min,45337
JiMin,45338
Bærtelsen,45339
R.Matondo,45340
B. Danger,45341
Peng Sh M,45342
Theophilus,45343
Awua,45344
Lin Y P,45345
Rolston,45346
Rubio Lestán,45347
Xu Huan,45348
Xu H.,45349
Gelabert,45350
Mallahi,45351
Nguiamba,45352
Bambo,45353
El Kaabi,45354
Serrarens,45355
Adžić,45356
Jin Sub,45357
Park Jin Sub,45358
JinSub,45359
Rauhut,45360
Lee Kang In,45361
Rösler,45362
Abdellaoui,45363
Urho,45364
Nissilä,45365
Efkan B.,45366
Moritz-Broni,45367
Kwarteng,45368
Zarfino,45369
Löder,45370
Rösch,45371
Mailat,45372
Aga,45373
Forino-Joseph,45374
Forino,45375
Alejandría,45376
A.Godínez,45377
Atli,45378
Barkarson,45379
T. Teuma,45380
J. Vásquez,45381
G. Villar,45382
Kipyo,45383
E. N. Castillo,45384
Bordeianu,45385
P. Lima,45386
Naderi,45387
M. Naderi,45388
Kaïboue,45389
Othmane,45390
B. García,45391
B. Samudio,45392
Uremovic,45393
Kazuaki,45394
Mawatari,45395
Takumu,45396
Kawamura,45397
Evert,45398
Linthorst,45399
E. Moreno,45400
N.Aguerd,45401
Kožulj,45402
Diaby Fadiga,45403
Mitchell-Lawson,45404
Masciangelo,45405
Dang Van Lam,45406
Yáñez,45407
Steiger,45408
Ivanildo Jorge,45409
Mendes Fernandes,45410
Ivanildo Fernandes,45411
I. Fernandes,45412
Ondoua,45413
Jiayi,45414
Zhu Jiayi,45415
Zhu J.Y.,45416
Youngeun,45417
Alfio,45418
A. Oviedo,45419
Tsitaishvili,45420
Thara,45421
B. Arce,45422
El-Melali,45423
S. Opsahl,45424
Yazğılı,45425
Alzugaray,45426
L. Alzugaray,45427
M.Moreno,45428
Peter Buch,45429
A. Gaich,45430
Ignatenko,45431
E. Ceide,45432
Jean Jules,45433
Mvondo,45434
Vogliacco,45435
Fujimura,45436
M. Morro,45437
Omole,45438
Campos O.,45439
Jhohann,45440
Yabur,45441
J. Yabur,45442
Chloë,45443
Tsvetkov,45444
Ribera,45445
I. Jaime,45446
Graydon,45447
Ask,45448
Tjærandsen-Skau,45449
Echave,45450
McCarron,45451
Luis Felipe,45452
A. Cabral,45453
Vukotić,45454
C. Huerta,45455
Miguel L.,45456
Miljevic,45457
M.Miljevic,45458
J.Diaz,45459
Hugo Guillamón,45460
Ylldren,45461
Ibrahimaj,45462
Kyung Gun,45463
Mun Kyung Gun,45464
KyungGun,45465
B. Galdames,45466
G.Ricardo,45467
Niklas-Wilson,45468
Quint,45469
E. Borja,45470
Agoumé,45471
Omar J.,45472
González Metilli,45473
Metilli,45474
R. López,45475
Čvančara,45476
D. Calila,45477
Mahdy,45478
Pengchao,45479
Zu,45480
Zu Pengchao,45481
Zu P.Ch.,45482
Saipi,45483
Hondermarck,45484
E. Fernandez,45485
Reynolds II,45486
Idehen,45487
Cechi,45488
Yang Lina,45489
Yang L N,45490
Li M W,45491
Galović,45492
Kaisei,45493
Derviševič,45494
L. Miranda,45495
Aoshuang,45496
Nie Aoshuang,45497
Nie A.Sh.,45498
Emerson Royal,45499
Wang Zh.F.,45500
Wu Sh.C.,45501
Yimmy,45502
Congo,45503
F. Jenssen,45504
S. Nealis,45505
Bella-Kotchap,45506
R.Williams,45507
P.Mohan,45508
Bansal-McNulty,45509
Ji Sol,45510
Lee Ji Sol,45511
JiSol,45512
Grosso,45513
Carle,45514
Yao W,45515
Zhang J.Zh.,45516
Kim Seung Woo,45517
Seungwoo,45518
D. Valdez,45519
S. Torres,45520
Jusino,45521
Tudorie,45522
Williamsen,45523
Cabuz,45524
Bic,45525
O. Opsahl,45526
Cobrea,45527
Dima,45528
Joyner,45529
Lourenco,45530
Portilla,45531
Antov,45532
Jayesh Rane,45533
Thatal,45534
Gursimrat,45535
Bheke,45536
Semboi,45537
Haokip,45538
Borrero,45539
Nawaz,45540
Karan Amin,45541
G.Assunção,45542
Corinus,45543
Gozzi Iweru,45544
Grubbe Madsen,45545
Yesid,45546
Y. Diaz,45547
E. Mosquera,45548
Pétrot,45549
Vivanco,45550
P. Brazão,45551
Hindrich,45552
Foulkes,45553
Grubač,45554
Hyun Gyu,45555
Oh Hyun Gyu,45556
HyunGyu,45557
Ocampo-Chavez,45558
Bardy Alenda,45559
Hernesto,45560
R. Sanchez,45561
Luo G P,45562
Hejer,45563
Chicaiza,45564
Andy Ch.,45565
Tormin,45566
B.Fadiga,45567
Amarjit.K,45568
E. Lombardo,45569
Siverio Toro,45570
Javi Siverio,45571
Siverio,45572
Jagoba,45573
Zárraga Martínez,45574
Zárraga,45575
Ontuzans,45576
Ismet,45577
Lushaku,45578
C.Dinu,45579
Dumitrașcu,45580
Cr. Dumitru,45581
Franciszek,45582
Wróblewski,45583
F. Nevarez,45584
Ho Jin,45585
Jeong Ho Jin,45586
HoJin,45587
Dwomoh,45588
Dwomoh Jr.,45589
K. Yeboah,45590
Fábio André,45591
Tavares Desidério,45592
Fábio Tavares,45593
McKinstry,45594
Slevin,45595
S. Lino,45596
A. Niangbo,45597
Allahyar,45598
Sayyadmanesh,45599
J. L. Rodriguez,45600
Joálisson,45601
Santos Oliveira,45602
Jô Santos,45603
Elias Hoff,45604
Melkersen,45605
Neciu,45606
M.Serban,45607
Stahl,45608
Marrufo,45609
Adjin,45610
J. Femenías,45611
Marchi,45612
Athanasiadis,45613
Ju Yeop,45614
Flottmann,45615
Da Luz,45616
Araque,45617
N.Mendes,45618
Eid,45619
Ali Eid,45620
E. Maciel,45621
Diogo Fesnard,45622
Nogueira Sousa,45623
Diogo Sousa,45624
Wawszczyk,45625
Kalafat,45626
Joby,45627
Kevin Carlos,45628
Liu Jing,45629
Naidji,45630
Seong Ung,45631
Maeng,45632
Maeng Seong Ung,45633
Seongung,45634
Del Prato,45635
Ergas,45636
R. Ergas,45637
J. Miguel,45638
Chay,45639
Michell,45640
M. Rodríguez,45641
P. Mukairu,45642
Dawa,45643
Khaled.M,45644
Lobato Cabal,45645
Rubén Lobato,45646
SungSoo,45647
Nico MR,45648
Erencan,45649
S.Carreira,45650
M.Aziz,45651
Yalçın Kayan,45652
Labrador,45653
Materan,45654
J. Hernandez,45655
Sher,45656
Boahene,45657
Kaboré,45658
Onea,45659
R. Araujo,45660
Félix Alexandre,45661
A. Sanches Correia,45662
Félix Correia,45663
A. Espínola,45664
R. Rivero,45665
Javier Baez,45666
Lentinelly,45667
Jean Pierre,45668
Rosso,45669
Clementino,45670
C. Gonzalez,45671
G. Perez,45672
T. Cardozo,45673
M. de Los Santos,45674
Busquets,45675
E. Busquets,45676
A. Álvarez W.,45677
T. Vecino,45678
B. Ocampo,45679
J. Trasante,45680
M. Laborda,45681
Leo. Quiñonez,45682
Orlin,45683
O. Quiñonez,45684
Feraud,45685
C. Feraud,45686
Adonnis,45687
A. Pabón,45688
Pinos,45689
J. Pinos,45690
R. Garcés,45691
W. Corozo,45692
Yuber,45693
Y. Mosquera,45694
Oña,45695
A. Oña,45696
J. Chalá,45697
G. Cortez,45698
Davinder.S,45699
Dragoljub,45700
Savic,45701
J.Aniket,45702
Sourav,45703
Jianzhi,45704
Zhang Jianzhi,45705
E. Perez,45706
Matzuda,45707
Ugarriza,45708
R. Montero,45709
Osio,45710
Koichi,45711
Aparicio,45712
Melo,45713
Italo,45714
Aponte,45715
Guidino,45716
Agustin S.,45717
Laldanmawia,45718
Danmawia,45719
Gani,45720
Nigam,45721
J. I. Ramirez,45722
E. Rivas,45723
Wen Da,45724
Wen D.,45725
Lavandeira,45726
W. Araujo,45727
A. Ferro,45728
Enmanuel,45729
Páucar,45730
Paucar,45731
C. Larotonda,45732
Parodi,45733
R. Flores,45734
Dorrego,45735
Tejena,45736
C. Tejena,45737
C. Flores,45738
T. Rojas,45739
G. Schiavone,45740
Corozao,45741
R. Rodriguez,45742
L. Colmenarez,45743
Fereira,45744
L. Bolivar,45745
J. Acosta,45746
Hernandez R.,45747
J. Castillo,45748
I. Anton,45749
Ren Wei,45750
Ren W.,45751
Barron,45752
Haibrany,45753
Ruíz Díaz,45754
H. Ruíz Díaz,45755
Brunelli,45756
S. Brunelli,45757
J. Cazares,45758
K. Minda,45759
C. Menacho,45760
Yvo,45761
Calleros,45762
Y. Calleros,45763
Chaverra,45764
F. Chaverra,45765
M.A.Leal,45766
Swibel,45767
Walls,45768
Zsolt,45769
Nagy Zs.,45770
A. Bedoya,45771
D. Villalba,45772
Careaga,45773
A. Gracia,45774
Gregori,45775
Anangonó,45776
G. Anangonó,45777
Janus,45778
Vivar,45779
J. Vivar,45780
D. Arroyo,45781
E. Anderson,45782
Denilho,45783
Cleonise,45784
Tomianovic,45785
Archimbaud,45786
Monky,45787
J. Cárdenas,45788
L. Franco,45789
C. Roca,45790
Monaga,45791
J. Monaga,45792
Cossio,45793
T. Valencia,45794
Henrique de Souza,45795
Matheus Henrique,45796
Höög Jansson,45797
Davíð Kristján,45798
M. Esquivel,45799
M. Montiel,45800
S. Pérez,45801
Plada,45802
J. Plada,45803
Leites,45804
A. Leites,45805
A.Fofana,45806
Arezo,45807
Cleiderman,45808
C. Osorio,45809
Guaramato,45810
D. Santacruz,45811
P. Ayala,45812
E. Alfonso,45813
F. Bareiro,45814
R. Cabrera,45815
R. Salinas,45816
A. Marin,45817
Nuss,45818
T. Nuss,45819
M. Araújo,45820
Urbański,45821
H. Rojas,45822
Ch. Vélez,45823
Hyunmuk,45824
Casiani,45825
L. Casiani,45826
Soleto,45827
D. Nealis,45828
A. Araque,45829
J. Carabalí,45830
J. Marquez,45831
J. Cifuentes,45832
N.Simon,45833
B. Milovanov,45834
Kim Jae Sung,45835
JaeSung,45836
Ibarrola,45837
Zago,45838
I. Vázquez,45839
Eros,45840
Maddy,45841
Doldan Aquino,45842
J. Fernandes,45843
Ruíz,45844
N. Ruiz,45845
Obed,45846
Nkambadio,45847
Eui Bin,45848
Kang Eui Bin,45849
EuiBin,45850
J. Monteiro,45851
U.Güneş,45852
Garbett,45853
O. Vanegas,45854
E. Pizzuto,45855
Isais,45856
Niemelä,45857
Ferddy,45858
J. Franco,45859
M. Navarro,45860
T. Banega,45861
Campisi,45862
Lee Geon Hee,45863
Adebowale,45864
Dayle,45865
Chen Zeng,45866
Chen Z.,45867
Y. Rivas,45868
Yordi,45869
Vílchez,45870
Eliéser,45871
Leonai,45872
Souza de Almeida,45873
L. Souza,45874
de Oliveira Barbosa,45875
D. De Oliveira,45876
Powell Obinna,45877
Cronvall,45878
J . Estupiñán,45879
D. Aranda,45880
Juan Ramón,45881
Galletto,45882
T. Galletto,45883
N. Sosa,45884
Borbas,45885
T. Borbas,45886
Tomson,45887
T. Minda,45888
O.Larsen,45889
E. Duarte,45890
F. Pereira,45891
A. Trezza,45892
Martirena,45893
G. Martirena,45894
A. Vazquez,45895
F. Díaz,45896
E. Escobar,45897
Arauz,45898
J. Mosquera,45899
Törnqvist,45900
Rockson,45901
R. Rentería,45902
J.Onana,45903
Iruarrizaga Díez,45904
Ander Iru,45905
Iru,45906
M. Martinez,45907
L. Cueva,45908
S. Zamora,45909
É. Cetré,45910
M. Enrique,45911
Mirel,45912
Bolboașă,45913
Bolboasa,45914
Notaroberto,45915
Oslimg,45916
Ricardo Manuel,45917
Pinho Matos,45918
Ricardo Matos,45919
Ibrahimagic,45920
Panicco,45921
Pintos,45922
M. Pintos,45923
K. Lewis,45924
Aeron,45925
Zinga,45926
Guillen,45927
Johandry,45928
Saravia,45929
W. Hernandez,45930
Meléndez,45931
A. Melendez,45932
D. Castillo,45933
Renné,45934
Hincapie,45935
Ryonosuke,45936
Kabayama,45937
Chan Yong,45938
Park Chan Yong,45939
Hasenhüttl,45940
Sheila,45941
García Gómez,45942
Shei,45943
Naum dos Santos,45944
Orrin,45945
O. McLaughlin,45946
V. Pizarro,45947
Arriagada,45948
Voloder,45949
Kajetan,45950
Szmyt,45951
Auklend,45952
Fish,45953
José Marcos,45954
Costa Martins,45955
Moumbagna,45956
Winfield,45957
SiHoo,45958
M.Name,45959
Fábio Leandro,45960
Fábio Carvalho,45961
Simper,45962
Breum,45963
Baxe,45964
Zoherliana,45965
Joe Zohera,45966
J. R. Suárez,45967
Erol,45968
Alkan,45969
Lenn,45970
Jastremski,45971
F. González,45972
Ardon,45973
P. López,45974
Muratore,45975
Hyjek,45976
Naruoka,45977
J. Flere,45978
Efford,45979
Bunker,45980
Albanese,45981
Alcantar,45982
A. Montes,45983
J. Carrillo,45984
El Khannous,45985
Mvoué,45986
Mvoue,45987
Amaury G.,45988
Carreón,45989
Shayr,45990
Díez Adán,45991
Rubén Díez,45992
Rubén D.,45993
Daddy's Boy,45994
Jianwen,45995
Wang Jianwen,45996
Wang J.W.,45997
Micle,45998
Roumpoulakou,45999
J. Zapata,46000
Dene.Y.M,46001
Holguín,46002
H.Holguín,46003
Yuncheng,46004
Fu Yuncheng,46005
Fu Y.C.,46006
Kamanzi,46007
Soumano,46008
I. Borcea,46009
Novoa Ramos,46010
Hugo Novoa,46011
L. Lemos,46012
Trinidad,46013
F. Trinidad,46014
Lázaro Fuoli,46015
Diego Fuoli,46016
Fuoli,46017
I. Suarez,46018
M. Marichal,46019
Áxel,46020
A. Perez,46021
Cavero,46022
Leiton,46023
A. Burbano,46024
M. Baeza,46025
Guarirapa,46026
S. Guarirapa,46027
Bright Akwo,46028
Arrey-Mbi,46029
Kewin Silva,46030
Benguché,46031
J. Benguche,46032
Besuijen,46033
Schmied,46034
Nongdamba,46035
Naorem,46036
Vita,46037
Mike Alexander,46038
Obrador Burguera,46039
Obrador,46040
Mipo,46041
Fernández Díaz,46042
Juanma B.,46043
Akshunna,46044
G. Garner,46045
Varga K.,46046
Tote António,46047
Toti Gomes,46048
Noah Jean,46049
Conceição da Luz,46050
Nélson da Luz,46051
Ivanilson,46052
Vani Da Silva,46053
P. García,46054
C. Trujillo,46055
J. M. Gutierrez,46056
W. Rodriguez,46057
Charles Jesaja,46058
Dyche,46059
Sinisalo,46060
Casagrande Oliveira,46061
Casagrande,46062
C. Jones,46063
Zito André,46064
Sebastião Luvumbo,46065
Zito Luvumbo,46066
Luvumbo,46067
Monsalve,46068
F. Bonifazi,46069
Majouga,46070
Mingi,46071
Chust,46072
Guimer,46073
S. Mele,46074
García Bauzà,46075
Holst-Larsen,46076
Dufur Espesolin,46077
Unai Dufur,46078
Yeremy Pino,46079
Campu,46080
Fedde,46081
Zhai Q W,46082
Juanito,46083
J. Alfonso,46084
Marcos Trabanco,46085
Astudillo,46086
Montecinos,46087
J. Montecinos,46088
Aceves,46089
D. Aceves,46090
Lobatón,46091
Villamil,46092
J. Chura,46093
Barasi,46094
M. Romero,46095
Cancar,46096
Raziel,46097
H. Espinola,46098
A. Gimenez,46099
J. Verdún,46100
P. Delvalle,46101
R. Toledo,46102
Mirshad,46103
Michu,46104
Irshad,46105
M.Irshad,46106
Preet,46107
Berat Kalkan,46108
Eren Elmalı,46109
D. Agron,46110
J. Bolivar,46111
L. Olivas,46112
Veglio,46113
B. Veglio,46114
Darluis,46115
D. Paz,46116
M. Mendez,46117
M. Silveira,46118
Rommell,46119
D. Hernandez,46120
Ahlers,46121
K. Becerra,46122
Ardiles,46123
Scotto,46124
Siles,46125
Ursino,46126
Layonel,46127
Antelo,46128
Otormín,46129
L. Otormin,46130
Mubaarak,46131
Nuh,46132
J. Bueno,46133
Edvardsson,46134
Gamarra,46135
Marabel,46136
J. Marabel,46137
R. Rodríguez,46138
Gianlucca,46139
Fatecha,46140
G. Fatecha,46141
V. Barrios,46142
D. Martinez,46143
Madera,46144
S. Pabón,46145
C. Schiavone,46146
L. Maia,46147
G. Parra,46148
Oppegård,46149
Sowe,46150
Maj,46151
Stroeykens,46152
Tein,46153
Troost,46154
Regalado,46155
Lujan,46156
Nene,46157
Dorgeles,46158
D.Nene,46159
Lacava,46160
M. Monzeglio,46161
Mode,46162
G. Plada,46163
Virreira,46164
Karlsson-Grach,46165
Keesean,46166
Z. Romero,46167
Kaide,46168
J. Piñuelas,46169
A.Garcia,46170
W. Cevallos,46171
Meerstadt,46172
S. Ramirez,46173
Jeong Sang Bin,46174
W. Quiñonez,46175
G. De Zarate,46176
Ole Christian,46177
Sæter,46178
Oguns,46179
Bartuğ,46180
Elmaz,46181
Kaio Jorge,46182
Pinto Ramos,46183
Aimé,46184
Mabika,46185
Urbano Dias de Lima,46186
V. Rodriguez,46187
A. da Silveira,46188
M. Alonso,46189
Manuel Maria,46190
Machado C. Namora,46191
Manuel Namora,46192
Santurio,46193
A. Santurio,46194
G. Wagner,46195
Pršo,46196
Kiyan,46197
Talla,46198
Smeulers,46199
Gameli,46200
Kerkez,46201
E. Arias,46202
Wesley David,46203
de Oliveira Andrade,46204
K. Rolon,46205
Matysik,46206
R. Rios,46207
Schor,46208
S. Vargas,46209
Suvam,46210
R.Meißner,46211
Conelli,46212
A. Caceres,46213
M. Giménez,46214
Baldassarra,46215
Fondop,46216
A. Draper,46217
E. Castillo,46218
Akinyoola,46219
M. Celis,46220
Maiker,46221
M.Rivas,46222
Riisnæs,46223
Kesler-Hayden,46224
Norambuena,46225
Gustavo Elvis,46226
Loayza,46227
van Mullem,46228
Seong Jin,46229
Kang Seong Jin,46230
Larraz,46231
Micolta,46232
Tasos,46233
Sulbarán,46234
Frelih,46235
N. Cova,46236
T. Danesi,46237
Dário,46238
Cassia Luís Essugo,46239
Dário Essugo,46240
Essugo,46241
C. Diaz,46242
Reon,46243
Thiesson,46244
L. Riascos,46245
Bramwell,46246
Ahmed Yasser,46247
Nabilai,46248
Kibunguchy,46249
Ueom Ye Hoon,46250
Mathias M.,46251
G. Machado,46252
M. Estol,46253
L. Onetto,46254
Cesar S.,46255
Teulings,46256
Jéssica S.,46257
Xu Shilong,46258
Xu Sh.L.,46259
Á. Robles,46260
Dejiang,46261
Yang Dejiang,46262
Yang D.J,46263
Xingxian,46264
Li Xingxian,46265
Li X.X.,46266
Álex Cardero,46267
Álex C.,46268
Galjen,46269
J.Varane,46270
Møller Wolfe,46271
Pieres,46272
Vielgut,46273
Norheim,46274
Donell,46275
Baker-Whiting,46276
Matriciani,46277
Fitz-Jim,46278
Haouari,46279
Raebiger,46280
S. Guerrero,46281
M. Rodriguez,46282
Vekič,46283
Lotka,46284
Chanza,46285
Catarina,46286
Cantanhede Macário,46287
Catarina Macário,46288
Macario,46289
Dundas,46290
S. Cardona,46291
G.Burroughs,46292
Ruben S.,46293
R. Ilie,46294
Unzueta,46295
Larru,46296
Álexander,46297
Ruiz Almandzo,46298
Unai Ruiz,46299
Gertsen,46300
K. Karataş,46301
Hubinek,46302
Atanas,46303
Trică-Balaci,46304
Ramon J.R.,46305
Segecic,46306
Ozaki,46307
Peder Hoel,46308
Lervik,46309
L. Kunze,46310
Kvia,46311
Nusa,46312
Aleksander D.,46313
Damnjanovic,46314
Rementeria,46315
Adelio,46316
Göktan,46317
Gürpüz,46318
E. McLaughlin,46319
Drapiński,46320
Cosgrave,46321
Mansoni,46322
N'Sambu,46323
Eng,46324
Herrero García,46325
McGurk,46326
Luengo,46327
Nevitt,46328
El Chadaille,46329
Bitshiabu,46330
M. Mansilla,46331
Stylianos,46332
Vrontis,46333
Mikułko,46334
Y.Cathline,46335
Marián,46336
Tvrdoň,46337
Zidan,46338
Sertdemir,46339
Mafuta Buni,46340
Paulo B.,46341
K.Botué,46342
Wassenne,46343
Makaric,46344
A. Pérez,46345
Turra,46346
Jovany,46347
Campusano,46348
Mateos,46349
Caldera,46350
Gajardo,46351
Martínez Tauda,46352
Demateis,46353
Pino,46354
R.Capellini,46355
Sadık Baş,46356
Vivancos García,46357
Dinolis,46358
R. Dinolis,46359
Prados,46360
Antoni-Djibu,46361
Þórir Jóhann,46362
Sonn,46363
Lastra,46364
Marchan,46365
Edu,46366
N.Moro,46367
Pinheiro Monteiro,46368
Diogo Monteiro,46369
Attilio,46370
Morosoli,46371
de Oliveira Campos,46372
Tressoldi Netto,46373
J. Orozco,46374
Botić,46375
Tkacz,46376
Ilyes,46377
Ziani,46378
Olguin,46379
Sanchís,46380
D. Devrani,46381
D. Gutiérrez,46382
Aka Serge,46383
K. Campos,46384
J. Serrano,46385
Yuliang,46386
Su Yuliang,46387
Su Y.L.,46388
G. Esteves,46389
Badolato,46390
C. Beitia,46391
Iturbe,46392
Antef,46393
Odel,46394
Joselu G.,46395
González Rey,46396
Yayo,46397
De Miguel,46398
Paskotši,46399
Castrop,46400
Martón Ansó,46401
Javi Martón,46402
Martón,46403
Seriki,46404
Abdelkahar,46405
Kadri,46406
Atif,46407
Bahusayn,46408
Kruth,46409
Lamare,46410
Gümüşkaya,46411
M. Gümüşkaya,46412
Tuzlacik,46413
Gil-Linnart,46414
Bazzoli,46415
Falko,46416
Myung Sun,46417
Kim Myung Sun,46418
Myungsun,46419
Luques,46420
Naim,46421
Naim García,46422
Ureña García,46423
Moyano Carrasquilla,46424
Abdulkareem,46425
Al Sultan,46426
Blakstad,46427
Gaultiér,46428
Overman,46429
Caballero Ramírez,46430
Raúl Caballero,46431
José David,46432
Menargues,46433
Joseda,46434
Páez Gavira,46435
Gavi,46436
van Haveren,46437
Mizuta,46438
Rupil,46439
Bobzien,46440
Djevencio,46441
van der Kust,46442
Hogervorst,46443
Kanuric,46444
Idan,46445
Isak Kjelsrud,46446
Noslin,46447
Tear,46448
José Javier,46449
Robles Belmonte,46450
Javi Robles,46451
Marzouq,46452
Skogvold,46453
Lokembo,46454
Alves Araújo,46455
Tiago Araújo,46456
T. Araujo,46457
Aneurin,46458
Bekaroğlu,46459
Rayyan,46460
Baniya,46461
Karagöz,46462
Penetra Correia,46463
Alexandre Penetra,46464
Penetra,46465
Pablo Felipe,46466
Pereira de Jesus,46467
Lapa Ricardo,46468
André Ricardo,46469
A. Ricardo,46470
Løvik,46471
Vetle Walle,46472
Egeli,46473
Helgeland,46474
Kobamelo,46475
Kodisang,46476
Rodrigo Marcos,46477
Rodrigues Andrade,46478
Rodrigo Andrade,46479
Arda Güler,46480
Ntsako,46481
Makhubela,46482
Providence,46483
B. Gutiérrez,46484
Oday,46485
Dabbagh,46486
O. Dabbagh,46487
F. Peña,46488
dos Santos Penha,46489
Daniel Penha,46490
Satriano,46491
Fuidias Ribera,46492
Toni Fuidias,46493
Zafeiris,46494
Najim,46495
Al Toiawy,46496
Pye,46497
Samek,46498
Muniz Carvalho,46499
Rodrigo Muniz,46500
Lemajić,46501
Medrano Gastañaga,46502
Medrano,46503
Rahimi,46504
S. Rahimi,46505
McAtee,46506
Bencze,46507
Kischka,46508
PC,46509
Laldinpuia,46510
Dinpuia,46511
Drissa,46512
Lopata,46513
Briant,46514
D'Altoe,46515
B. D'Altoe,46516
Fredes,46517
Fellows,46518
Morgalla,46519
Meiko,46520
Sponsel,46521
Cássio Gabriel,46522
Vilela Ferreira,46523
Cássinho,46524
Olisa,46525
Ndah,46526
Peprah,46527
Ruiz Delgado,46528
Moleiro González,46529
Moleiro,46530
A. Moleiro,46531
Pape-Alioune,46532
K. Zedadka,46533
F. Moreira,46534
Hache,46535
Nowack,46536
Bamo,46537
Serpe,46538
Buer,46539
Lautaro Marco,46540
Spatz,46541
Faride,46542
Alidou,46543
Lindley,46544
Sil,46545
Swinkels,46546
Mutlaq,46547
Çelhaka,46548
Celhaka,46549
Mimeirhel,46550
Benita,46551
Jean Baptiste,46552
Gorby,46553
Abline,46554
Mohebi,46555
Gómez Vela,46556
Christian Gómez,46557
Abdessamad,46558
Ezzalzouli,46559
Ez Abde,46560
Martínez Aguilera,46561
Gabri Martínez,46562
Damer,46563
Guille Bueno,46564
Strompf,46565
Chencho,46566
Gyeltshen,46567
Ringo,46568
Meerveld,46569
Matuq,46570
A. Matuq,46571
Ribeiro Valente,46572
Rodrigo Valente,46573
R. Valente,46574
Zovko,46575
Ciepiela,46576
Pelegrini Safira,46577
Alisson Safira,46578
Safira,46579
Maio Matos,46580
Tiago Matos,46581
Çuni,46582
Szramowski,46583
Boylan,46584
Jiménez Portero,46585
Joel Jiménez,46586
Canestrelli,46587
A. Taiwo,46588
Ülgün,46589
Bernado,46590
Peixoto Couto,46591
Benny Couto,46592
Sideras,46593
Torrance,46594
Heron,46595
Huidrom,46596
Naocha,46597
Soulas,46598
Dodgson,46599
Altamira,46600
Philibert,46601
Alloh,46602
Camblan,46603
Divkovic,46604
Divković,46605
Bongokuhle,46606
Hlongwane,46607
Wikman,46608
Songpu,46609
Singsit,46610
Savvas,46611
Siatravanis,46612
L. Mosquera,46613
Lenín,46614
Laquintana,46615
I. Laquitana,46616
M. Vidal,46617
Duhalde,46618
G. Duhalde,46619
Alcedo,46620
Gilmar,46621
Cowmeadow,46622
C. Rojas,46623
Johnsplass,46624
Máx,46625
Chesters,46626
Jahnoah,46627
Gechter,46628
N'Dri Philippe,46629
Bennevendo,46630
Alek,46631
Alek A.,46632
Cisternas,46633
Wilinton,46634
Aponza,46635
Elikia,46636
Mbinga,46637
Nemil,46638
Bassette,46639
Pond,46640
Veale,46641
Anika,46642
Myra,46643
Garis,46644
Joseline,46645
Jonatas,46646
Jonatas Santos,46647
Fukaya,46648
Iman,46649
Basafa,46650
Cörüt,46651
Cieran,46652
Slicker,46653
Weier,46654
Dzogovic,46655
Yanez,46656
J. Carabali,46657
van der Vlag,46658
Halhal,46659
Suf,46660
Podgoreanu,46661
Jestin,46662
Gurkirat,46663
Skraback,46664
Magunazelaia,46665
Jon Magunazelaia,46666
Emrecan,46667
Jassina,46668
Șteau,46669
Steau,46670
Ogura,46671
Wilson-Esbrand,46672
Ciervo,46673
Nadjib,46674
Strelec,46675
Perošević,46676
Keïta,46677
Amoura,46678
Takai,46679
Mohamed Belhadj,46680
Mijaíl,46681
Mija,46682
M. Prost,46683
Valda,46684
Chiatti,46685
Yesit,46686
Yesit M. S.,46687
A. Herrera,46688
J. Bejarano,46689
Hore,46690
Jez,46691
Lofthouse,46692
Ahmetcan,46693
Artero Ruiz,46694
Ricard Artero,46695
Álex Castroviejo,46696
Castroviejo,46697
Enersen,46698
Montader,46699
Madjed,46700
J. Gómez,46701
Urdaneta,46702
Zoukrou,46703
Mazou-Sacko,46704
Sivasakthi,46705
Narayanan,46706
Siva,46707
Ivaylov Stankov,46708
Slavy,46709
Giannotti,46710
Portales,46711
Concha,46712
Birtwistle,46713
Bonnah,46714
Ziad,46715
El Sheiwi,46716
Gammelgaard,46717
Al Ayeri,46718
Iyad,46719
Kortajarena,46720
Siemsen,46721
Jenkins-Davies,46722
Mosquera Ibargüen,46723
Cristhian Mosquera,46724
Kurtis,46725
Mogg,46726
Ott,46727
Al Huwaidi,46728
Tovar Seguí,46729
Jordhy,46730
Jacobo,46731
J. Reyes,46732
Madi,46733
Maghnes,46734
Akliouche,46735
H. Jurado,46736
Mylène,46737
Chavas,46738
Gattermayer,46739
Artola Canales,46740
Juan Artola,46741
Artola,46742
Lemaréchal,46743
Kershaw,46744
Bonnevie,46745
Puñal Rodríguez,46746
Aitor Puñal,46747
Kerstin,46748
Casparij,46749
Baijings,46750
Ettson,46751
Ayón,46752
Tchaouna,46753
Celin Bizet,46754
Ildhusøy,46755
Bizet,46756
Feldkamp,46757
Ferrel,46758
Bueno Batista,46759
Matheus Bueno,46760
M. Bueno,46761
Neutgens,46762
Wels,46763
Simarra,46764
Afena-Gyan,46765
Afena,46766
Scalvini,46767
Laidani,46768
Bravo Solanilla,46769
Iker Bravo,46770
Jelert,46771
Schirò,46772
Benarous,46773
Zelem,46774
Vilde,46775
Haymamba,46776
Moresche Rodrigues,46777
Moresche,46778
Regeer,46779
Wylin,46780
Kirnon,46781
Martín Domínguez,46782
Carlos Martín,46783
Carlos M.,46784
Sidi,46785
Jesús Lázaro,46786
Owono Ngua Akeng,46787
Owono,46788
Alqahtani,46789
Ataupillco,46790
Blanco Olmedo,46791
Sohna,46792
Bergsvand,46793
Moormann,46794
Ayrthon,46795
Perleche,46796
Radaslavescu,46797
Juniors,46798
Gabilondo Garmendia,46799
Gabilondo,46800
Böhmker,46801
Ciccioli,46802
Jostin,46803
Torrejón,46804
Torrejon,46805
Estanislao,46806
Lalrinliana,46807
Hnamte,46808
Bijoy,46809
Varghese,46810
Hrithik,46811
Lalhmangaih,46812
Papuia,46813
Danstan,46814
Vodhanel,46815
Espinoza E,46816
Gambetta,46817
Arévalos,46818
G. Arevalos,46819
Mareco,46820
M. Mareco,46821
Viveros,46822
L. Fernandez,46823
Kåhed,46824
Maiky,46825
De La Cruz,46826
E. Valencia,46827
J. Vera,46828
T. Lezcano,46829
Pickett,46830
Walberto,46831
W. Caicedo,46832
M. Lucas,46833
Breviglieri,46834
Oscar Luigi,46835
Fraulo,46836
Marrero Larrañaga,46837
Unai Marrero,46838
Rodríguez Larrañaga,46839
Peru Rodríguez,46840
Hesketh,46841
Restes,46842
R.Jaramillo,46843
Usca,46844
L. Usca,46845
Matuta,46846
Santamaría Arenas,46847
Álvaro Santamaría,46848
Le Bris,46849
Mouazan,46850
Dango,46851
H. Lezcano,46852
J. Barreto,46853
Tondomba,46854
Chanso,46855
Horam,46856
Minturn,46857
Fagúndez,46858
F. Fagundez,46859
Devansh,46860
Dabas,46861
Subhadip,46862
Mathews,46863
Suhail,46864
Pasha,46865
Steward,46866
Cloé,46867
Lacasse,46868
Querfeld,46869
Akhomach Chakkour,46870
Vucic,46871
Tibidi,46872
Saffadi,46873
Samaké,46874
Gbode,46875
Kudsk,46876
André Hovland,46877
Lønning,46878
Ilesanmi,46879
C. Ortíz,46880
M. Carrasco,46881
Rody,46882
Ruso,46883
Wilter,46884
Xiaoxue,46885
Wang Xiaoxue,46886
Wang X X,46887
Dmytro,46888
Riznyk,46889
Kaninda,46890
Brea,46891
Peranic,46892
Krahn,46893
Abrefa,46894
Saúl Basilio,46895
Coco Bassey Oubiña,46896
Saúl Coco,46897
L. Becerra,46898
Alman,46899
J. Alman,46900
Esmorís Tasende,46901
Dani Tasende,46902
Tasende,46903
Bacha,46904
Camargo,46905
Dollbyz,46906
Uviedo,46907
J. Osorio,46908
Adam Ingi,46909
Benediktsson,46910
Lhéry,46911
Meira Meixedo,46912
Francisco Meixedo,46913
F. Meixedo,46914
Yadaly,46915
Kiwior,46916
Matìas,46917
Soulé,46918
Rosengren,46919
Arran,46920
Pettifer,46921
Wilmar,46922
Aguinaga,46923
Cangá,46924
M. Cangá,46925
Colmenárez,46926
Peláez,46927
Siwen,46928
Miao Siwen,46929
Miao S W,46930
Yanwen,46931
Wang Yanwen,46932
Wang Y W,46933
Carrasquel,46934
Galezo,46935
Manzanilla,46936
Eliézer,46937
Tárrega Requeni,46938
César Tárrega,46939
C. Tárrega,46940
Funez,46941
Monjonell Torras,46942
Monjonell,46943
Monju,46944
Biel,46945
Farrés del Castillo,46946
Biel Farrés,46947
Sala Herrero,46948
Álex Sala,46949
Dawda,46950
Kumado,46951
Agnero,46952
Amane,46953
Buurmeester,46954
Kuijpers,46955
Rijk,46956
Janse,46957
Butzke Benavides,46958
Butzke,46959
A. Butzke,46960
Vera Carrillo,46961
Totti,46962
Moulai,46963
Dikeni,46964
S. Álvarez,46965
Suarez J.,46966
Volpato,46967
Missori,46968
Braune,46969
Nápoli,46970
G. Nápoli,46971
Camara Silva,46972
Ibrahima Camara,46973
González-Pola,46974
Jordi Pola,46975
J. Pola,46976
Koni,46977
Karademir,46978
Burstow,46979
Saro,46980
Z.Iqbal,46981
Romaní,46982
Plange,46983
Rebagliati,46984
Aristide,46985
Wam,46986
Jutglà Blanch,46987
Jutglà,46988
McAteer,46989
Paschke,46990
Southerington,46991
Trey,46992
Quispe,46993
Shay,46994
Wingralek,46995
Gaal,46996
Attree,46997
Kie,46998
Plumley,46999
E. Mero,47000
Egüez,47001
Gyan,47002
de Regt,47003
Iwashita,47004
João Marcelo,47005
Messias Ferreira,47006
Rico Del Valle,47007
Manu Rico,47008
Iranzo Lendínez,47009
Rubén Iranzo,47010
R. Iranzo,47011
Bynoe-Gittens,47012
Edelman,47013
Nauris,47014
Petkevicius,47015
Pubill Pagès,47016
Pubill,47017
Kumamoto,47018
Ahmed Fatah,47019
Abdirahman,47020
Satoki,47021
Uejo,47022
Bočkaj,47023
Yepes Laut,47024
Gerard Yepes,47025
Yepes,47026
El Hadji,47027
Maikuma,47028
Țîrlea,47029
Tirlea,47030
R. Phillips,47031
Glendys,47032
G. Mina,47033
Laso Gutiérrez,47034
Lucas Laso,47035
Halls,47036
Lemos Araújo,47037
Tomás Araújo,47038
Tomás A.,47039
Geny,47040
Cipriano Catamo,47041
Geny Catamo,47042
Iuri Antônio,47043
Teixeira Tavares,47044
Iuri Tavares,47045
Pagis,47046
Villahermosa,47047
Neugebauer,47048
Rauno,47049
Sappinen,47050
Tiho,47051
Moreno Arrones Gil,47052
Javi Moreno,47053
Jonathan Germán,47054
Tabiner,47055
Provstgaard,47056
Arttu,47057
Hoskonen,47058
de Araujo Santos,47059
González Carmona,47060
Tomkinson,47061
Surman,47062
Miguel Maria,47063
Mariano Falé,47064
Miguel Falé,47065
Falé,47066
Essiam,47067
Leipold,47068
Sanz Catalán,47069
Álvaro Sanz,47070
Comas Freixas,47071
Arnau Comas,47072
Gonzalo Ríos,47073
Fridrikas,47074
Dawhan,47075
Pintado,47076
Aventis,47077
Aventisian,47078
Kindberg,47079
Karolis,47080
Laukžemis,47081
Taloverov,47082
Njinmah,47083
Tsuboi,47084
Shin Jin,47085
Kim Shin Jin,47086
Shinjin,47087
Sámuel,47088
Major,47089
Olawale,47090
Dzelili,47091
Koré,47092
Masevo,47093
Heras,47094
W. Ortega,47095
Tsotne,47096
Bendianishvili,47097
Añasgo,47098
Jhon Jairo,47099
Copado,47100
Toshiki,47101
Cortnee,47102
Vine,47103
Stankovski,47104
Abo Asidah,47105
CVL,47106
Remtluanga,47107
de Jesus Santos,47108
Zerhouni,47109
Fresneda Corraliza,47110
Fresneda,47111
Terland,47112
Akor Jerome,47113
Akor,47114
İlkhan,47115
Junnosuke,47116
Sere,47117
Atola,47118
A. Ramsey,47119
Adeline,47120
Kalazán,47121
Masahiro,47122
Bichakhchyan,47123
Leite Morais,47124
Anderson Leite,47125
Bdeir,47126
Lagerlund,47127
Horz,47128
Stanga,47129
Magri,47130
Azeem,47131
Abdulai,47132
Cittadini,47133
Benchaa,47134
Quilumba,47135
D. Quilumba,47136
Kuryu,47137
Simisterra,47138
R. Simisterra,47139
Lee Joon Ho,47140
Joonho,47141
Ruvalcaba,47142
J.Ruvalcaba,47143
de Waal,47144
Gemello,47145
Petrasso,47146
Cuello,47147
Tega,47148
Ikoba,47149
Queiroz,47150
F. Queiroz,47151
Wiston,47152
W. Fernández,47153
Mizoguchi,47154
Galarza,47155
Colque,47156
M. Colque,47157
Piric,47158
Hyeon Bin,47159
Seol Hyeon Bin,47160
Hyeonbin,47161
Flemmings,47162
Ablade,47163
Ryneš,47164
Ousseni,47165
Bouda,47166
Wakeling,47167
Kajiura,47168
Boolsen,47169
Maki,47170
Celentano,47171
Úlfarsson,47172
Jiovany,47173
Jiovany Ramos,47174
Kipp,47175
Zawadzki,47176
Messaoudi,47177
Foti,47178
McLauchlan,47179
Otele,47180
Easton,47181
Ongaro,47182
Gogov,47183
Trai,47184
T. Hume,47185
Weberbauer,47186
Murugesapillai,47187
Leandro E.,47188
Leandro Neto,47189
Lavega,47190
J. Lavega,47191
Rich-Baghuelou,47192
Pérez Bouquet,47193
Caspar,47194
Jander,47195
Parra Artal,47196
Raúl Parra,47197
Eliton,47198
Eliton Júnior,47199
Uddenäs,47200
Yli-Kokko,47201
Zahmel,47202
Guerra Moreno,47203
Javi Guerra,47204
Keramitsis,47205
Okazawa,47206
Baur,47207
Amourricho,47208
van Axel Dongen,47209
Olejarka,47210
Kalinauskas,47211
Eartha,47212
Abel William,47213
Stensrud,47214
Oscar A. Borges,47215
Gonçalo Borges,47216
Polanco,47217
D. Polanco,47218
Ogrinec,47219
Gubinelli,47220
Teixeira Mendes,47221
João Mendes,47222
Iverson,47223
I. Contreras,47224
Seelt,47225
Çanak,47226
Cisterna,47227
Maïdine,47228
Douane,47229
Gyung Hyun,47230
Min Gyung Hyun,47231
Gyunghyun,47232
Ji won,47233
Park Ji won,47234
Jiwon,47235
Balthazar,47236
Pierret,47237
Motoc,47238
Murre,47239
Tsakiris,47240
Çokçalış,47241
M. Alfonso,47242
Chopitea,47243
A. Chopitea,47244
Donnez,47245
Je Ho,47246
Yu Je Ho,47247
Jeho,47248
Ange,47249
Ahoussou,47250
Greive,47251
Di Benedetto,47252
Musliu,47253
B.Curtis,47254
S. Lewis,47255
N. Williams,47256
Univaso,47257
A. Univaso,47258
Annese,47259
L. Annese,47260
Fazzini,47261
Wiley,47262
Arbio,47263
N. Fonseca,47264
Iroegbunam,47265
Jaziel,47266
Friaza Pérez,47267
Friaza,47268
Stanojević,47269
Deandre,47270
Yira,47271
Wustinger,47272
Ungerath,47273
Jeimes,47274
Menezes de Almeida,47275
Jeimes Menezes,47276
Fazlagić,47277
Chipperfield,47278
Jhostin,47279
Windust,47280
Melniciuc,47281
Obedeanu,47282
Sterian,47283
Obert,47284
Kourfalidis,47285
Heinze,47286
J. Heinze,47287
Feller,47288
A. Prado,47289
N. Soria,47290
Aires,47291
A. Aires,47292
G. Carneiro,47293
Semir,47294
Ozturk,47295
Dijan,47296
Vukojević,47297
Vukojevic,47298
Salisbury,47299
Brayann,47300
De Nipoti,47301
Poiso,47302
I. Rodriguez,47303
Taaje,47304
Rivas Viondi,47305
Óscar Rivas,47306
O. Rivas,47307
Elvis Kevin,47308
Sayago,47309
João Henrique,47310
Oliveira Veras,47311
João Veras,47312
K. Fernandez,47313
Layan,47314
Loor,47315
L. Loor,47316
E. Clavijo,47317
Eber,47318
Miska,47319
Ylitolva,47320
Pasquinha Évora,47321
Mário Évora,47322
Buhanga,47323
Vitelli,47324
Pavlyuchenko,47325
Delorge,47326
Castellano,47327
Oduah,47328
Jaquez,47329
Buck,47330
Tiago Miguel,47331
Hora Ribeiro,47332
Tiago Ribeiro,47333
E. Destan,47334
Y. Rodriguez,47335
Braima,47336
Embaló Sambú,47337
Braima Sambú,47338
JJ,47339
McKiernan,47340
G. Vega,47341
Marco Antonio,47342
M. Angulo,47343
MacNaughton,47344
Nassiri,47345
Rossen,47346
Odhiambo,47347
Jose María,47348
Farru,47349
Las,47350
Birligea,47351
Izmirlioglu,47352
Marques Torres,47353
Bruno Marques,47354
Marinos,47355
Tzionis,47356
Bert,47357
Esselink,47358
Plazibat,47359
Jawed,47360
Kalai,47361
Ho Yeon,47362
Jung Ho Yeon,47363
Hoyeon,47364
Dubinchak,47365
Jaurena,47366
Eskild,47367
Dall,47368
Mihaljevic,47369
Dican,47370
Batuhan,47371
Kör,47372
Şen,47373
Kerem Şen,47374
Alghoul,47375
Silva Souza,47376
Guilherme Silva,47377
Ivančević,47378
Ivancevic,47379
Lillienberg,47380
Jeremías,47381
Castrillo,47382
Masukake,47383
Njegoš,47384
Petrović,47385
Petrovic,47386
Chaib,47387
Eba,47388
Sebaoui,47389
Abeddou,47390
S.AlHarthi,47391
Amigo Calamardo,47392
David Amigo,47393
Kané,47394
Etchebarne,47395
Santiago E.,47396
A. Alonso,47397
Aldreyby,47398
Pons Foncillas,47399
Xavi Pons,47400
Tiéhi,47401
Broome,47402
L. Lozano,47403
Marcelo Alves,47404
M. Alves,47405
De Los Santos,47406
J. De los Santos,47407
Ku-DiPietro,47408
Bezerra,47409
Jekob Abiezer,47410
Jeno,47411
Elvius,47412
Tombült,47413
Éderson José,47414
Éderson,47415
Morgenstern,47416
Warrington,47417
Joider,47418
Blikstad,47419
Kais,47420
Al-Ani,47421
Alekseï,47422
Carnier,47423
Chaluš,47424
Mbuyi-Muamba,47425
Mbuyi,47426
Toyoda,47427
Gambos,47428
Lorent,47429
Tolaj,47430
Igarashi,47431
Pedro Luís,47432
Machado Ganchas,47433
Pedro Ganchas,47434
P. Ganchas,47435
Lazetić,47436
José Daniel,47437
Nicolo,47438
Tresoldi,47439
Olaitan Ishola,47440
Ishola Jr,47441
Etoga,47442
Esparragoza,47443
Pereira Araújo,47444
Henrique Araújo,47445
H. Araújo,47446
Ostrzinski,47447
Ihler,47448
Weibmar,47449
M. Ocampo,47450
M. Silvera,47451
R. Saravia,47452
Pignani,47453
Örqvist,47454
Moriceau,47455
T. Moriceu,47456
Mikael Filipe,47457
Viana de Sousa,47458
Velasquez,47459
Karlsbakk,47460
Makin,47461
Trustin,47462
van 't Loo,47463
Deossa,47464
Jae Woong,47465
Jang Jae Woong,47466
JaeWoong,47467
Patrick Machado,47468
Denso,47469
Kasius,47470
R. Ramírez,47471
Heiselberg,47472
S. Vergara,47473
Sapara,47474
Eutinger,47475
Nickisch,47476
Krasucki,47477
Salama,47478
Luis Abelardo,47479
Lütke-Frie,47480
Adaramola,47481
Orellana Riffo,47482
Orellana R.,47483
Bruera,47484
G. Benítez,47485
Lewin,47486
Sota Bernard,47487
Fran Sota,47488
Srdic,47489
Esmee,47490
Brugts,47491
Rufati,47492
Selimcan,47493
Temel,47494
J. Lima,47495
J. O'Neil,47496
Iana,47497
Quintela Moya,47498
Quintela,47499
Gil Bueno,47500
A. Romero,47501
Torrealba,47502
Trusa,47503
Jurásek,47504
Lucas Nahuel,47505
Tizón,47506
C. Tizon,47507
Orosco,47508
Røsten,47509
Carpio,47510
Vaquero Aguilar,47511
A. Vaquero,47512
Cainelli,47513
Tsiki,47514
Ntsabeleng,47515
Ebiowei,47516
N'Zeyi,47517
Antczak,47518
A. Sandoval,47519
Penayo,47520
Jamir,47521
Berdecio,47522
Jamir B.,47523
Briceño,47524
Sorenson,47525
Seydouba,47526
M. Galarza,47527
Surdanović,47528
Cagan Kayra,47529
Erciyas,47530
Lóránd,47531
Pászka,47532
Luís André,47533
Leite Esteves,47534
Luís Esteves,47535
L. Esteves,47536
Claverías Gutiérrez,47537
Claverías,47538
Vrdoljak,47539
Samir V.,47540
Murbeck,47541
Calin,47542
Harfas,47543
Grosz,47544
Mélissa,47545
Mélissa Gomes,47546
Balomenos,47547
J. Briceño,47548
S. Figueredo,47549
Barcellos,47550
A. Barcellos,47551
Vidart,47552
E. Vidart,47553
N. Ferreira,47554
Kamory,47555
Lama Maroto,47556
Manu Lama,47557
Lama,47558
Saleem,47559
Akanbi,47560
Abimbola,47561
Suchomel,47562
Nelik,47563
Yavuz Buğra,47564
Boyar,47565
Macadam,47566
Novaes Palhares,47567
Luizão,47568
Kim Chan Yong,47569
Chanyong,47570
Enji,47571
Ali Said,47572
Yasui,47573
Ji Han,47574
Lee Ji Han,47575
Weckmann,47576
Kittos,47577
Dony,47578
Trigos,47579
S.Trigos,47580
Perales,47581
Leonardo Daniel,47582
Leonardo Buta,47583
Bambasé,47584
Voisine,47585
Marcucci,47586
Ågren,47587
Agren,47588
Sailor,47589
Matsuzaki,47590
Chung,47591
Holík,47592
Azybi,47593
Pătlăgică,47594
Bentaberry,47595
B. Bentaberry,47596
Mulreany,47597
Mullready,47598
Hornos,47599
Eduardo Gonzaga,47600
Mendes Santos,47601
Eduardo Santos,47602
Horaţiu,47603
Covaci,47604
Matthew Anim,47605
Cudjoe,47606
Kosi,47607
Simion,47608
Bumbar,47609
Țala,47610
Tala,47611
Domșa,47612
Domsa,47613
Noian,47614
Veratschnig,47615
Fujihara,47616
J. Fernandez,47617
Wanya,47618
Marçal Madivádua,47619
Wanya Marçal,47620
Markanich,47621
Kervin,47622
Arriaga,47623
Dupré,47624
Brienza,47625
Sota,47626
Kitano,47627
Poznar,47628
Vidovic,47629
Bertuğ,47630
K. Andrade,47631
Unrein,47632
S. Unrein,47633
Rafael Barragan,47634
Erik Rafael,47635
Durán Dueñas,47636
Juan Durán,47637
W. Tortolero,47638
Ursu,47639
Anyelberth,47640
Spaulding,47641
V. Adamo,47642
Tourish,47643
O.Pérez,47644
Krzyżak,47645
Joacim,47646
Holtan,47647
Gryglak,47648
Kirkman,47649
Bazán,47650
Bazan,47651
Jae Hyuk,47652
Choi Jae Hyuk,47653
Jaehyuk,47654
Dayler,47655
Dayler Q.,47656
Mendes Mendes,47657
Tomás Mendes,47658
Balboa Bandeira,47659
Álex Balboa,47660
López Gallo,47661
Castrín,47662
Klebaniuk,47663
García Montero,47664
Isra García,47665
Ananta,47666
Bukowski,47667
Ayrton P.,47668
Bardeli,47669
Mexx,47670
Meerdink,47671
Nacim,47672
El Hassani,47673
Pepijn,47674
Doesburg,47675
McWoods,47676
Capuz,47677
A. Capuz,47678
Gareca,47679
Ignacio Daniel,47680
Maestro Puch,47681
Perrone,47682
Ragen,47683
Chahid,47684
Dioggo,47685
Isita,47686
Bardales,47687
Ccorahua,47688
Daykol,47689
Cibi,47690
Jaheem,47691
Jorge Damián,47692
Etim,47693
Cedrik,47694
Gbo,47695
Ravych,47696
Xander,47697
Martlé,47698
Langenbick,47699
Luis Adrián,47700
Jonier,47701
J. Medina,47702
Gianoli,47703
L. Correa,47704
C. Franco,47705
Didrik,47706
Hafstad,47707
Kenson Pierre,47708
Cem-Ali,47709
Trimboli,47710
Noubi,47711
Abiel,47712
Beaka,47713
Rijks,47714
Rocco Robert,47715
Shein,47716
Szappanos,47717
van Mameren,47718
Rier,47719
Renkel,47720
Chiekh,47721
Rothe,47722
Jok,47723
Polyarus,47724
Asensio Crespillo,47725
Vere,47726
Aguirre Arévalo,47727
Gimeno Simó,47728
Gimeno,47729
Carneil,47730
G. Verón,47731
Sîrbu,47732
Djeffal,47733
Egan-Riley,47734
Eniss,47735
Y. López,47736
W. Mora,47737
Weiper,47738
Kyerewaa,47739
Klidje,47740
Ferreira de Sousa,47741
Miguel Sousa,47742
Diego Silva,47743
Nascimento Santos,47744
Diego Carioca,47745
Diego S.,47746
Arnaldo. Z,47747
Yánez,47748
L. Yanez,47749
Gabriel Pereira,47750
Congreve,47751
Guilmer,47752
Giro,47753
G. Giro,47754
Mijares,47755
J. Mijares,47756
Mieles,47757
M. Mieles,47758
Saël,47759
Kumbedi,47760
Jose Joaquim,47761
de Carvalho,47762
van Assema,47763
Somnitz,47764
Teves,47765
Gagnidze,47766
Yakoub,47767
Löffelsend,47768
Farick,47769
Yilmuz,47770
Hagelmeister,47771
Borgers,47772
Carlstein,47773
Zuzenhof,47774
Manapo,47775
Frenschl,47776
Sohlmacher,47777
Melderem,47778
von Kogelsberg,47779
Gulpa,47780
Topaltop,47781
Sjøvold,47782
Kleinhensl,47783
Maronkevic,47784
Rouven,47785
Fahrnheider,47786
Polterkamp,47787
Deeker,47788
Haloglu,47789
Gillier,47790
Kochergin,47791
D. Pizarro,47792
Loftesnes-Bjune,47793
Gjengaar,47794
Skau,47795
Díaz Ferrada,47796
Díaz Desidel,47797
Díaz D,47798
Oresti,47799
Sichenje,47800
Tobías da Silva,47801
Vinícius Tobías,47802
Magnus Rugland,47803
Ree,47804
Tollefsen,47805
Mathys,47806
Tel,47807
Bångsbo,47808
Tisdell,47809
Fobassam,47810
Mio,47811
Backhaus,47812
Garnacho Ferreyra,47813
Alejandro Garnacho,47814
Skjold,47815
Moubarack,47816
Compaoré,47817
van Duivenbooden,47818
Cabañas,47819
A.Díaz,47820
Taborga,47821
Bidois,47822
Toomey,47823
Garang,47824
Suzane,47825
Pires Cardozo,47826
Suzane Pires,47827
Hidaka,47828
Bobadilla,47829
Judd,47830
Brian Nicolás,47831
B. Mansilla,47832
Carbajal,47833
Zhu Yu,47834
Dombrovskyi,47835
Jacob Florentin,47836
Bernatene,47837
M. Bernatene,47838
Jojea,47839
Kwizera,47840
de Pedro Marroquí,47841
De Pedro,47842
Edmilson,47843
Edmilson Mendes,47844
E. Mendes,47845
Gian,47846
Nardelli,47847
Cîmpean,47848
Cimpean,47849
Billington,47850
Trpcevski,47851
Annan,47852
Agbo,47853
Denzell,47854
Achahuanco,47855
Racchumick,47856
Checco,47857
Keiber,47858
Lamadrid,47859
K. Lamadrid,47860
Portugal,47861
Toloza,47862
Isaiah Jerónimo,47863
Navarro Díaz,47864
Huertas,47865
J. Huertas,47866
Britez,47867
E. Britez,47868
C. Tapia,47869
Baruj,47870
Aburto,47871
Jusef,47872
Erabi,47873
Diosdany,47874
Goncalves,47875
Ostrovskyi,47876
Pachito,47877
B. Pachito,47878
W. Vernaza,47879
Kasumovic,47880
Anasmo,47881
Dabro,47882
Jeanuël,47883
Belocian,47884
Bignetti,47885
Semić,47886
Roncal Rivera,47887
Álvaro Roncal,47888
Moore-Billam,47889
Everardo,47890
Czerech,47891
Peraggini,47892
Zanoli,47893
Giay,47894
Tunahan,47895
Taşçı,47896
Tasci,47897
Castillo Alarcón,47898
Fidel Castillo,47899
C. Ayala,47900
Onódi,47901
Raikhy,47902
Caspers,47903
Pavlovets,47904
Miliano,47905
Jonathans,47906
Broholm,47907
Cybulski,47908
Pérez Villas,47909
Juampe,47910
Nuamah,47911
Olaigbe,47912
Hunor,47913
Gedő,47914
Miretti,47915
Jean-Jacques,47916
Danley,47917
Sandro Plínio,47918
Rosa da Cruz,47919
Sandro Cruz,47920
Mandefu,47921
Yiğit,47922
Yaman,47923
Berat Yaman,47924
Ortellado,47925
Rodrigo Duarte,47926
Rodrigo Ribeiro,47927
Tiago Maria,47928
Antunes Gouveia,47929
Tiago Gouveia,47930
Morello,47931
A. Vera,47932
Müjde,47933
Springett,47934
Fernandes Rodrigues,47935
Mihajlovic,47936
Rakneberg,47937
Zhang Yue,47938
Xinyang,47939
Yang Xinyang,47940
Yang X.Y.,47941
Shuaihang,47942
Feng Shuaihang,47943
Feng Sh.H.,47944
Fagerberg,47945
Benedito da Silva,47946
Naldinho,47947
Xipeng,47948
Sun Xipeng,47949
Sun X.P.,47950
Jiang Yu,47951
Jiang Y.,47952
Dilxat,47953
Ablimit,47954
Ablimit Dilxat,47955
Dilixati,47956
Zhaohui,47957
Yang Zhaohui,47958
Yang Zh.H.,47959
Hongjiang,47960
Zhang Hongjiang,47961
Zhang H.J.,47962
Zhang Jiahui,47963
Zhang J.H.,47964
Haoyang,47965
Bi Haoyang,47966
Bi H.Y.,47967
Yujun,47968
Zhang Yujun,47969
Zhang Y.J.,47970
Chenyu,47971
Yang Chenyu,47972
Yang Ch.Y.,47973
Hongwei,47974
Sun Hongwei,47975
Sun H.W.,47976
Yixuan,47977
Yang Yixuan,47978
Yang Y.X.,47979
Peinan,47980
Li Peinan,47981
Li P.N.,47982
Xie Jie,47983
Xie J.,47984
Xing,47985
Jin Xing,47986
Jin X.,47987
Shipeng,47988
Luo Shipeng,47989
Luo Sh.P.,47990
Bağcı,47991
Raines,47992
Jianian,47993
Tang Jianian,47994
Tang J.N.,47995
Liao Jiajun,47996
Augustinus-Jensen,47997
Wenzhe,47998
Zhao Wenzhe,47999
Zhao W.Zh.,48000
Wan Likai,48001
Wan L.K.,48002
Shengxiong,48003
Zheng Shengxiong,48004
ZHENG Sh.X.,48005
Jiaheng,48006
Li Jiaheng,48007
Li J.H.,48008
Xinjie,48009
He Xinjie,48010
He X.J.,48011
Ruan Sai,48012
Ruan S.,48013
Chen Long,48014
Chen L.,48015
Shijie,48016
Wang Shijie,48017
Wang S.J.,48018
Shenping,48019
Huo,48020
Huo Shenping,48021
Huo S.P.,48022
Wenxuan,48023
Wang Wenxuan,48024
Wang W.X.,48025
Minghe,48026
Wei Minghe,48027
Wei M.H.,48028
Skhan,48029
Askhan,48030
Rijin,48031
Chen Rijin,48032
Chen R.J.,48033
Guangliang,48034
Huang Guangliang,48035
Huang G.L.,48036
Huajun,48037
Zhang Huajun,48038
Xiaoyi,48039
Cao Xiaoyi,48040
Cao X.Y.,48041
Kangkang,48042
Ren Kangkang,48043
Ren K.K.,48044
Xuheng,48045
Huang Xuheng,48046
Huang X.H.,48047
Li Da,48048
Li D.,48049
Themi,48050
Antonoglou,48051
Fogaça,48052
Mingcan,48053
Hua,48054
Hua Mingcan,48055
Hua M.C.,48056
Liang Kun,48057
Liang K.,48058
Jingchao,48059
Meng Jingchao,48060
Meng J.Ch.,48061
Erkip,48062
Liao Lei,48063
Fu Hao,48064
Ji Jiabao,48065
Ji J.B.,48066
B. Poveda,48067
Li Yuefeng,48068
Li Y.F.,48069
Zihan,48070
Gui Zihan,48071
Gui Z.H.,48072
Xingliang,48073
Zhang Xingliang,48074
Zhang X.L.,48075
Bingliang,48076
Yan Bingliang,48077
Yan B.L.,48078
Anchor,48079
Antonetti,48080
Frankarlos,48081
Devinson,48082
Diego Alexander,48083
Aldama,48084
Guillén,48085
L. Guillen,48086
L. Barrios,48087
Juan Alexander,48088
F. Gavilan,48089
Llanes,48090
Reveno,48091
Bordón,48092
G. Bordon,48093
Paraco,48094
Seiryo,48095
Usui,48096
J. Giménez,48097
Kayky,48098
da Silva Chagas,48099
Øy,48100
Albert Palmberg,48101
Ríos Novo,48102
Bum Su,48103
Kim Bum Su,48104
Bumsu,48105
Sæther,48106
Isak Hagen,48107
Aalberg,48108
Leander Næss,48109
Alvheim,48110
Weidel,48111
Esmir,48112
Bajraktarevic,48113
Pawel,48114
Chrupalla,48115
Strand-Kolbjørnsen,48116
Pastran,48117
Jacen,48118
Russell-Rowe,48119
Darrell Kamdem,48120
Tibell,48121
Balša,48122
Sserwadda,48123
Supachok,48124
Sarachat,48125
Harumi,48126
Carlstrand,48127
Landeros,49000
Peláez,49001
Cerna,49002
Rosas,49003
Siqueiros,49004
Japheth,49005
Arreola,49006
Yohan,49007
Zetuna,49008
Olaguez,49009
Estanislao,49010
Canozales,49011
Tamay,49012
Osiel,49013
De Dios,49014
Cerecedo,49015
Pelegrini,49016
Portales,49017
Santillana,49018
Elbis,49019
Partida,49020
Duilio,49021
Tejeda,49022
Velasquez,49023
Resendez,49024
Landa,49025
Osciel,49026
Alonzo,49027
Hermosillo,49028
Uscanga,49029
Botello,49030
Eguade,49031
Amoustapha,49032
Erubiel,49033
Gabino,49034
Manriquez,49035
Arellano,49036
Gurrola,49037
Encinas,49038
de Alba,49039
Rabago,49040
Higareda,49041
Wilber,49042
Ascencio,49043
Basulto,49044
Casillas,49045
Guillen,49046
Monsivais,49047
Neder,49048
Michell,49049
Jacobo,49050
Jaziel,49051
Tona,49052
Sayago,49053
Zurita,49054
Milke,49055
Melgarejo,49056
Patrizio,49057
Jassiel,49058
Verda,49059
Zamora,49060
Topete,49061
Leobardo,49062
Del Angel,49063
Guareno,49064
Monarrez,49065
Arana,49066
Tede,49067
Daviz,49068
Junco,49069
Zamorano,49070
Montelongo,49071
Zúñiga,49072
Villegas,49073
Osuna,49074
Areli,49075
Mirsha,49076
Tirado,49077
Gamiz,49078
Giovanny,49079
Nava,49080
Costas,49081
Gian,49082
Armenta,49083
Fraga,49084
Ceballos,49085
Mazatan,49086
Plascencia,49087
Romeri,49088
Villamizar,49089
Cobian,49090
Zanatta,49091
Henestrosa,49092
Razo,49093
Chaurand,49094
Jaquez,49095
Gallegos,49096
Alcantara,49097
Oropeza,49098
Zamudio,49099
Alafitta,49100
Mireles,49101
Engelhart,49102
Guajardo,49103
Campillo,49104
Brigido,49105
Dogre,49106
Noya,49107
Mayo,49108
Micolta,49109
Zerecero,49110
Sleyther,49111
Gamaliel,49112
Lemus,49113
Ocon,49114
Karlos,49115
Pastrana,49116
Tecpanécatl,49117
Valadez,49118
Rosa Da Silva,49119
Gambarte,49120
Maleck,49121
Manlio,49122
Aldhair,49123
Brayam,49124
Blancas,49125
Haces,49126
Juraidini,49127
Gámez,49128
Eleuterio,49129
,44000
,44000
,44000
,44000
,44000
,44000
,44000
,44000
,44000
,44000
,44000
,44000
,44000
,44000
,44000
,44000
,44000
,44000
,44000
,44000
,44000
,44000
,44000
,44000
,44000
,44000
,44000
,44000
,44000
,44000
,44000
,44000
,44000
,44000
,44000
,44000
,44000
,44000
,44000
,44000
,44000
,44000
,44000
,44000
,44000
,44000
,44000
,44000
,44000
,44000
,44000
,44000
,44000
,44000
,44000
,44000
,44000
,44000
,44000
,44000
,44000
,44000
,44000
,44000
,44000
,44000
,44000
,44000
,44000
,44000
,44000
,44000
,44000
,44000
,44000
,44000
,44000
,44000
,44000
,44000
,44000
,44000
,44000
,44000
,44000
,44000
,44000
,44000
,44000
,44000
,44000
,44000
,44000
,44000
,44000
,44000
,44000
,44000
,44000
,44000
,44000
,44000
,44000
,44000
,44000
,44000
,44000
,44000
,44000
,44000
,44000
,44000
,44000
,44000
,44000
,44000
,44000
,44000
,44000
,44000
,44000
,44000
,44000
,44000
,44000
,44000
,44000
,44000
,44000
,44000
,44000
,44000
,44000
,44000
,44000
,44000
,44000
,44000
,44000
,44000
,44000
,44000
,44000
,44000
,44000
,44000
,44000
,44000
,44000
,44000
,44000
,44000
,44000
,44000
,44000
,44000
,44000
,44000
,44000
,44000
,44000
,44000
,44000
,44000
,44000
,44000
,44000
,44000
,44000
,44000
,44000
,44000
,44000
,44000
,44000
,44000
,44000
,44000
,44000
,44000
,44000
,44000
,44000
,44000
,44000
,44000
,44000
,44000
,44000
,44000
,44000
,44000
,44000
,44000
,44000
,44000
,44000
,44000
,44000
,44000
,44000
,44000
,44000
,44000
,44000
,44000
,44000
,44000
,44000
,44000
,44000
,44000
,44000
,44000
,44000
,44000
,44000
,44000
,44000
,44000
,44000
,44000
,44000
,44000
,44000
,44000
,44000
,44000
,44000
,44000
,44000
,44000
,44000
,44000
,44000
,44000
,44000
,44000
,44000
,44000
,44000
,44000
,44000
,44000
,44000
,44000
,44000
,44000
,44000
,44000
,44000
,44000
,44000
,44000
,44000
,44000
,44000
,44000
,44000
,44000
,44000
,44000
,44000
,44000
,44000
,44000
,44000
,44000
,44000
,44000
,44000
,44000
,44000
,44000
,44000
,44000
,44000
,44000
,44000
,44000
,44000
,44000
,44000
,44000
,44000
,44000
,44000
,44000
,44000
,44000
,44000
,44000
,44000
,44000
,44000
,44000
,44000
,44000
,44000
,44000
,44000
,44000
,44000
,44000
,44000
,44000
,44000
,44000
,44000
,44000
,44000
,44000
,44000
,44000
,44000
,44000
,44000
,44000
,44000
,44000
,44000
,44000
,44000
,44000
,44000
,44000
,44000
,44000
,44000
,44000
,44000
,44000
,44000
,44000
,44000
,44000
,44000
,44000
,44000
,44000
,44000
,44000
,44000
,44000
,44000
,44000
,44000
,44000
,44000
,44000
,44000
,44000
,44000
,44000
,44000
,44000
,44000
,44000
,44000
,44000
,44000
,44000
,44000
,44000
,44000
,44000
,44000
,44000
,44000
,44000
,44000
,44000
,44000
,44000
,44000
,44000
,44000
,44000
,44000
,44000
,44000
,44000
,44000
,44000
,44000
,44000
,44000
,44000
,44000
,44000
,44000
,44000
,44000
,44000
,44000
,44000
,44000
,44000
,44000
,44000
,44000
,44000
,44000
,44000
,44000
,44000
,44000
,44000
,44000
,44000
,44000
,44000
,44000
,44000
,44000
,44000
,44000
,44000
,44000
,44000
,44000
,44000
,44000
,44000
,44000
,44000
,44000
,44000
,44000
,44000
,44000
,44000
,44000
,44000
,44000
,44000
,44000
,44000
,44000
,44000
,44000
,44000
,44000
,44000
,44000
,44000
,44000
,44000
,44000
,44000
,44000
,44000
,44000
,44000
,44000
,44000
,44000
,44000
,44000
,44000
,44000
,44000
,44000
,44000
,44000
,44000
,44000
,44000
,44000
,44000
,44000
,44000
,44000
,44000
,44000
,44000
,44000
,44000
,44000
,44000
,44000
,44000
,44000
,44000
,44000
,44000
,44000
,44000
,44000
,44000
,44000
,44000
,44000
,44000
,44000
,44000
,44000
,44000
,44000
,44000
,44000
,44000
,44000
,44000
,44000
,44000
,44000
,44000
,44000
,44000
,44000
,44000
,44000
,44000
,44000
,44000
,44000
,44000
,44000
,44000
,44000
,44000
,44000
,44000
,44000
,44000
,44000
,44000
,44000
,44000
,44000
,44000
,44000
,44000
,44000
,44000
,44000
,44000
,44000
,44000
,44000
,44000
,44000
,44000
,44000
,44000
,44000
,44000
,44000
,44000
,44000
,44000
,44000
,44000
,44000
,44000
,44000
,44000
,44000
,44000
,44000
,44000
,44000
,44000
,44000
,44000
,44000
,44000
,44000
,44000
,44000
,44000
,44000
,44000
,44000
,44000
,44000
,44000
,44000
,44000
,44000
,44000
,44000
,44000
,44000
,44000
,44000
,44000
,44000
,44000
,44000
,44000
,44000
,44000
,44000
,44000
,44000
,44000
,44000
,44000
,44000
,44000
,44000
,44000
,44000
,44000
,44000
,44000
,44000
,44000
,44000
,44000
,44000
,44000
,44000
,44000
,44000
,44000
,44000
,44000
,44000
,44000
,44000
,44000
,44000
,44000
,44000
,44000
,44000
,44000
,44000
,44000
,44000
,44000
,44000
,44000
,44000
,44000
,44000
,44000
,44000
,44000
,44000
,44000
,44000
,44000
,44000
,44000
,44000
,44000
,44000
,44000
,44000
,44000
,44000
,44000
,44000
,44000
,44000
,44000
,44000
,44000
,44000
,44000
,44000
,44000
,44000
,44000
,44000
,44000
,44000
,44000
,44000
,44000
,44000
,44000
,44000
,44000
,44000
,44000
,44000
,44000
,44000
,44000
,44000
,44000
,44000
,44000
,44000
,44000
,44000
,44000
,44000
,44000
,44000
,44000
,44000
,44000
,44000
,44000
,44000
,44000
,44000
,44000
,44000
,44000
,44000
,44000
,44000
,44000
,44000
,44000
,44000
,44000
,44000
,44000
,44000
,44000
,44000
,44000
,44000
,44000
,44000
,44000
,44000
,44000
,44000
,44000
,44000
,44000
,44000
,44000
,44000
,44000
,44000
,44000
,44000
,44000
,44000
,44000
,44000
,44000
,44000
,44000
,44000
,44000
,44000
,44000
,44000
,44000
,44000
,44000
,44000
,44000
,44000
,44000
,44000
,44000
,44000
,44000
,44000
,44000
,44000
,44000
,44000
,44000
,44000
,44000
,44000
,44000
,44000
,44000
,44000
,44000
,44000
,44000
,44000
,44000
,44000
,44000
,44000
,44000
,44000
,44000
,44000
,44000
,44000
,44000
,44000
,44000
,44000
,44000
,44000
,44000
,44000
,44000
,44000
,44000
,44000
,44000
,44000
,44000
,44000
,44000
,44000
,44000
,44000
,44000
,44000
,44000
,44000
,44000
,44000
,44000
,44000
,44000
,44000
,44000
,44000
,44000
,44000
,44000
,44000
,44000
,44000
,44000
,44000
,44000
,44000
,44000
,44000
,44000
,44000
,44000
,44000
,44000
,44000
,44000
,44000
,44000
,44000
,44000
,44000
,44000
,44000
,44000
,44000
,44000
,44000
,44000
,44000
,44000
,44000
,44000
,44000
,44000
,44000
,44000
,44000
,44000
,44000
,44000
,44000
,44000
,44000
,44000
,44000
,44000
,44000
,44000
,44000
,44000
,44000
,44000
,44000
,44000
,44000
,44000
,44000
,44000
,44000
,44000
,44000
,44000
,44000
,44000
,44000
,44000
,44000
,44000
,44000
,44000
,44000
,44000
,44000
,44000
,44000
,44000
,44000
,44000
,44000
,44000
,44000
,44000
,44000
,44000
,44000
,44000
,44000
,44000
,44000
,44000
,44000
,44000
,44000
,44000
,44000
,44000
,44000
,44000
,44000
,44000
,44000
,44000
,44000
,44000
,44000
,44000
,44000
,44000
,44000
,44000
,44000
,44000
,44000
,44000
,44000
,44000
,44000
,44000
,44000
,44000
,44000
,44000
,44000
,44000
,44000
,44000
,44000
,44000
,44000
,44000
,44000
,44000
,44000
,44000
,44000
,44000
,44000
,44000
,44000
,44000
,44000
,44000
,44000
,44000
,44000
,44000
,44000
,44000
,44000
,44000
,44000
,44000
,44000
,44000
,44000
,44000
,44000
,44000
,44000
,44000
,44000
,44000
,44000
,44000
,44000
,44000
,44000
,44000
,44000
,44000
,44000
,44000
,44000
,44000
,44000
,44000
,44000
,44000
,44000
,44000
,44000
,44000
,44000
,44000
,44000
,44000
,44000
,44000
,44000
,44000
,44000
,44000
,44000
,44000
,44000
,44000
,44000
,44000
,44000
,44000
,44000
,44000
,44000
,44000
,44000
,44000
,44000
,44000
,44000
,44000
,44000
,44000
,44000
,44000
,44000
,44000
,44000
,44000
,44000
,44000
,44000
,44000
,44000
,44000
,44000
,44000
,44000
,44000
,44000
,44000
,44000
,44000
,44000
,44000
,44000
,44000
,44000
,44000
,44000
,44000
,44000
,44000
,44000
,44000
,44000
,44000
,44000
,44000
,44000
,44000
,44000
,44000
,44000
,44000
,44000
,44000
,44000
,44000
,44000
,44000
,44000
,44000
,44000
,44000
,44000
,44000
,44000
,44000
,44000
,44000
,44000
,44000
,44000
,44000
,44000
,44000
,44000
,44000
,44000
,44000
,44000
,44000
,44000
,44000
,44000
,44000
,44000
,44000
,44000
,44000
,44000
,44000
,44000
,44000
,44000
,44000
,44000
,44000
,44000
,44000
,44000
,44000
,44000
,44000
,44000
,44000
,44000
,44000
,44000
,44000
,44000
,44000
,44000
,44000
,44000
,44000
,44000
,44000
,44000
,44000
,44000
,44000
,44000
,44000
,44000
,44000
,44000
,44000
,44000
,44000
,44000
,44000
,44000
,44000
,44000
,44000
,44000
,44000
,44000
,44000
,44000
,44000
,44000
,44000
,44000
,44000
,44000
,44000
,44000
,44000
,44000
,44000
,44000
,44000
,44000
,44000
,44000
,44000
,44000
,44000
,44000
,44000
,44000
,44000
,44000
,44000
,44000
,44000
,44000
,44000
,44000
,44000
,44000
,44000
,44000
,44000
,44000
,44000
,44000
,44000
,44000
,44000
,44000
,44000
,44000
,44000
,44000
,44000
,44000
,44000
,44000
,44000
,44000
,44000
,44000
,44000
,44000
,44000
,44000
,44000
,44000
,44000
,44000
,44000
,44000
,44000
,44000
,44000
,44000
,44000
,44000
,44000
,44000
,44000
,44000
,44000
,44000
,44000
,44000
,44000
,44000
,44000
,44000
,44000
,44000
,44000
,44000
,44000
,44000
,44000
,44000
,44000
,44000
,44000
,44000
,44000
,44000
,44000
,44000
,44000
,44000
,44000
,44000
,44000
,44000
,44000
,44000
,44000
,44000
,44000
,44000
,44000
,44000
,44000
,44000
,44000
,44000
,44000
,44000
,44000
,44000
,44000
,44000
,44000
,44000
,44000
,44000
,44000
,44000
,44000
,44000
,44000
,44000
,44000
,44000
,44000
,44000
,44000
,44000
,44000
,44000
,44000
,44000
,44000
,44000
,44000
,44000
,44000
,44000
,44000
,44000
,44000
,44000
,44000
,44000
,44000
,44000
,44000
,44000
,44000
,44000
,44000
,44000
,44000
,44000
,44000
,44000
,44000
,44000
,44000
,44000
,44000
,44000
,44000
,44000
,44000
,44000
,44000
,44000
,44000
,44000
,44000
,44000
,44000
,44000
,44000
,44000
,44000
,44000
,44000
,44000
,44000
,44000
,44000
,44000
,44000
,44000
,44000
,44000
,44000
,44000
,44000
,44000
,44000
,44000
,44000
,44000
,44000
,44000
,44000
,44000
,44000
,44000
,44000
,44000
,44000
,44000
,44000
,44000
,44000
,44000
,44000
,44000
,44000
,44000
,44000
,44000
,44000
,44000
,44000
,44000
,44000
,44000
,44000
,44000
,44000
,44000
,44000
,44000
,44000
,44000
,44000
,44000
,44000
,44000
,44000
,44000
,44000
,44000
,44000
,44000
,44000
,44000
,44000
,44000
,44000
,44000
,44000
,44000
,44000
,44000
,44000
,44000
,44000
,44000
,44000
,44000
,44000
,44000
,44000
,44000
,44000
,44000
,44000
,44000
,44000
,44000
,44000
,44000
,44000
,44000
,44000
,44000
,44000
,44000
,44000
,44000
,44000
,44000
,44000
,44000
,44000
,44000
,44000
,44000
,44000
,44000
,44000
,44000
,44000
,44000
,44000
,44000
,44000
,44000
,44000
,44000
,44000
,44000
,44000
,44000
,44000
,44000
,44000
,44000
,44000
,44000
,44000
,44000
,44000
,44000
,44000
,44000
,44000
,44000
,44000
,44000
,44000
,44000
,44000
,44000
,44000
,44000
,44000
,44000
,44000
,44000
,44000
,44000
,44000
,44000
,44000
,44000
,44000
,44000
,44000
,44000
,44000
,44000
,44000
,44000
,44000
,44000
,44000
,44000
,44000
,44000
,44000
,44000
,44000
,44000
,44000
,44000
,44000
,44000
,44000
,44000
,44000
,44000
,44000
,44000
,44000
,44000
,44000
,44000
,44000
,44000
,44000
,44000
,44000
,44000
,44000
,44000
,44000
,44000
,44000
,44000
,44000
,44000
,44000
,44000
,44000
,44000
,44000
,44000
,44000
,44000
,44000
,44000
,44000
,44000
,44000
,44000
,44000
,44000
,44000
,44000
,44000
,44000
,44000
,44000
,44000
,44000
,44000
,44000
,44000
,44000
,44000
,44000
,44000
,44000
,44000
,44000
,44000
,44000
,44000
,44000
,44000
,44000
,44000
,44000
,44000
,44000
,44000
,44000
,44000
,44000
,44000
,44000
,44000
,44000
,44000
,44000
,44000
,44000
,44000
,44000
,44000
,44000
,44000
,44000
,44000
,44000
,44000
,44000
,44000
,44000
,44000
,44000
,44000
,44000
,44000
,44000
,44000
,44000
,44000
,44000
,44000
,44000
,44000
,44000
,44000
,44000
,44000
,44000
,44000
,44000
,44000
,44000
,44000
,44000
,44000
,44000
,44000
,44000
,44000
,44000
,44000
,44000
,44000
,44000
,44000
,44000
,44000
,44000
,44000
,44000
,44000
,44000
,44000
,44000
,44000
,44000
,44000
,44000
,44000
,44000
,44000
,44000
,44000
,44000
,44000
,44000
,44000
,44000
,44000
,44000
,44000
,44000
,44000
,44000
,44000
,44000
,44000
,44000
,44000
,44000
,44000
,44000
,44000
,44000
,44000
,44000
,44000
,44000
,44000
,44000
,44000
,44000
,44000
,44000
,44000
,44000
,44000
,44000
,44000
,44000
,44000
,44000
,44000
,44000
,44000
,44000
,44000
,44000
,44000
,44000
,44000
,44000
,44000
,44000
,44000
,44000
,44000
,44000
,44000
,44000
,44000
,44000
,44000
,44000
,44000
,44000
,44000
,44000
,44000
,44000
,44000
,44000
,44000